"","featureA","featureB","featureC","label"
"1",4.67117657114172,1.4810268545358,2.35751990871833,"Cookie"
"2",7.94083279664707,0.514713566874749,2.55272512371569,"Cookie"
"3",4.00879355134981,0.447610874010326,2.26079450078873,"Cat"
"4",1.60116079529724,0.582044195868816,2.78774624762524,"Cat"
"5",2.33622367480566,0.494608319504398,2.1969477284438,"Cat"
"6",1.20567251890412,-0.468288228440715,2.61448821538779,"Cat"
"7",1.49571516222507,-0.715810491822277,2.72741550265815,"Cat"
"8",-0.166695316245096,0.277912209609997,2.16233165887918,"Cat"
"9",2.84699928026488,-0.498428139058164,2.66539974853836,"Cat"
"10",1.90720459218584,-0.396630753930388,2.57156032444799,"Cat"
"11",5.90312365747084,0.864312471020252,2.79195739459857,"Cookie"
"12",5.41651315885725,0.54143722996091,2.8949269249852,"Cat"
"13",7.08975369608738,1.1892064365833,2.86292878647837,"Cookie"
"14",2.24468958776639,-0.14982902270081,2.19962402458256,"Cat"
"15",6.31888509573972,-0.615677563494966,1.93540486619759,"Cat"
"16",1.56996536429308,-0.24599476820008,2.26555034655694,"Cat"
"17",5.75261236798003,0.301609419781456,2.0716919648643,"Cookie"
"18",6.10445914056481,0.364913368008396,2.32894034697995,"Cookie"
"19",6.74771251148247,-0.273041408797319,2.20239478749842,"Cat"
"20",3.47253985239545,1.27559135526087,2.14789659250499,"Cookie"
"21",4.21178445828087,-1.0386228999226,2.55655130015286,"Cat"
"22",4.73063315001261,-0.417228082699222,2.43432114876163,"Cat"
"23",8.46727287052894,0.235387629055889,2.58823389908012,"Cookie"
"24",7.5338938873976,0.0588614971119659,2.30813070729206,"Cat"
"25",3.81385067968752,0.635848997716018,2.40683070311937,"Cookie"
"26",3.49913013203217,1.07902046760695,2.52091756000579,"Cookie"
"27",2.01334780758593,-0.340370292695522,2.49350291173346,"Cat"
"28",2.48232546754921,-0.716288955206846,2.61184866174439,"Cat"
"29",2.29606871419051,1.11744830313049,2.8293759230828,"Cookie"
"30",1.35683960637911,-0.445858776227725,2.58440699733275,"Cat"
"31",2.62308531534268,0.106552864194137,2.45222567882629,"Cat"
"32",3.39482831679572,-0.428935834526636,2.28059279787683,"Cat"
"33",6.7650723771873,-0.126129857343572,2.28181371878048,"Cat"
"34",5.26390478728408,1.39415572151151,2.10245416993264,"Cookie"
"35",3.56455813230488,0.111857157893258,3.1061436950188,"Cat"
"36",0.828689422214156,-0.690960862309233,2.27888047910665,"Cat"
"37",4.98883788970861,0.0468869468085821,2.51309324182835,"Cat"
"38",4.63140343275735,0.883986748047611,2.05031714246534,"Cookie"
"39",4.51935276568744,1.16269393613279,2.13865345000348,"Cookie"
"40",1.69337378048117,-1.51315308202232,2.38457815567147,"Cat"
"41",7.06446491680351,0.29337066657553,2.37683952513729,"Cookie"
"42",5.85027804818075,-0.322090856996032,2.09801637895888,"Cat"
"43",0.592945713774826,0.507661677308884,1.98576255110731,"Cat"
"44",9.60810368646125,0.368628852403696,2.50984677677523,"Cookie"
"45",5.58828897181902,2.05285730230718,2.05786777562617,"Cookie"
"46",4.8242493522057,0.271048098464359,2.32067984909988,"Cat"
"47",6.43326689756013,0.57031127991897,2.70914524087249,"Cookie"
"48",8.6864296887187,-0.21728871935654,2.57531530230836,"Cat"
"49",5.7108492030454,1.01246027014958,2.23023729061245,"Cookie"
"50",3.74280706711934,0.0365171901124188,2.64206177540356,"Cat"
"51",5.31272638406244,1.37671034008395,2.55285697253348,"Cookie"
"52",-0.534708517406746,0.103074558573819,2.64413883826151,"Cat"
"53",5.78619797887555,0.66908182866195,2.47453777507772,"Cookie"
"54",10.5359524912439,0.0780839014190577,2.93520223786124,"Cookie"
"55",3.18029293862967,0.263911013175671,2.46193409103974,"Cat"
"56",6.26648044532387,0.699366832859286,2.57547139009194,"Cookie"
"57",3.11809759590841,0.364461045870751,2.62414659340001,"Cat"
"58",8.02229708762638,-0.246594675448186,2.4997394864091,"Cat"
"59",6.45693889294481,0.275979138914959,2.59227922866806,"Cat"
"60",0.32374920725395,-0.132820205781973,2.7478830368375,"Cat"
"61",5.40625440619267,2.47477884159981,3.03453685193155,"Cookie"
"62",5.36790910226344,0.568130051282665,2.45107910026313,"Cookie"
"63",1.8664199754732,-0.842458451725438,2.7775712081803,"Cat"
"64",7.26359298351117,0.164090520009326,2.6244611914086,"Cat"
"65",-3.29469087627681,1.48457103114112,2.54518707763833,"Cat"
"66",6.31579217923429,1.53932692206454,2.4580524509769,"Cookie"
"67",6.82078606055574,1.4351458706131,2.45734839716914,"Cookie"
"68",2.1403093113759,0.0939486026759433,2.5877482283499,"Cat"
"69",6.92768002962096,0.656333170256275,2.60727748301119,"Cookie"
"70",-0.647209964039957,-0.791035678107346,2.63845211808966,"Cat"
"71",6.37872132358656,-1.29394323104934,2.76085775861045,"Cat"
"72",-1.53566186393181,-0.117644009069964,2.48149285792533,"Cat"
"73",0.819864585415742,-0.576081783750948,2.38916202246712,"Cat"
"74",-1.90264578346799,1.37324823422327,2.56528368291876,"Cat"
"75",2.62101269376352,0.71876864999026,2.44470416029883,"Cat"
"76",2.8921290233549,0.471365640058874,2.92961413546789,"Cat"
"77",1.36534438543268,0.527295274507625,2.58106425615637,"Cat"
"78",3.74042299812031,0.919967811758383,2.1637152943797,"Cookie"
"79",1.61877632616367,1.6509378743456,2.2786787092974,"Cookie"
"80",10.2050271294445,0.812369652245732,2.5984334932009,"Cookie"
"81",9.83056888409736,0.678878732277671,2.84422011524125,"Cookie"
"82",-1.63244809776281,0.794608608151371,2.27062819035634,"Cat"
"83",6.54752104467368,0.107309652623699,2.11952922821404,"Cat"
"84",2.82351187252735,1.67893565470025,2.5124992227379,"Cookie"
"85",1.58988955985308,-0.221597514739956,3.1861974960406,"Cat"
"86",5.19264346087184,0.535011031421773,2.37608936105633,"Cookie"
"87",-0.319579234282122,0.414125295295327,2.71553212224039,"Cat"
"88",4.3029392537286,1.31026092206747,2.33868561592813,"Cookie"
"89",2.32680546815643,0.76524830458922,2.3341763511336,"Cookie"
"90",3.83298794291627,1.40018834777359,2.37539941821848,"Cookie"
"91",4.76320328066565,0.615974844266958,2.62732059593182,"Cookie"
"92",7.88103838063046,0.132039084202341,2.7646191958364,"Cat"
"93",6.62864191684944,-0.779525302878255,2.63760674082561,"Cat"
"94",0.829703221430593,-0.638979973166429,2.90413418492099,"Cat"
"95",4.97376994806033,0.769109882389503,2.59489787711778,"Cookie"
"96",5.32184811258633,-0.675547826204926,2.79903836222518,"Cat"
"97",1.44684192589377,1.13656713351752,2.7229544634256,"Cookie"
"98",3.13663456853266,0.804733121712341,1.91099663176654,"Cookie"
"99",4.2889134898537,0.958234308165324,2.50182932016751,"Cookie"
"100",-2.58267967476581,0.714928328185384,2.26856709973556,"Cat"
"101",4.06958752737933,0.144278824217031,2.14023846701598,"Cat"
"102",-4.21578267521537,-0.6729964409711,2.28083706149882,"Cat"
"103",1.00673627076787,0.595591983975535,2.42734250822899,"Cat"
"104",0.00452885668562786,0.764349920127707,2.61052397298655,"Cat"
"105",3.22052060442052,0.242965090863213,2.52389654706532,"Cat"
"106",0.9755929568562,0.436555676702474,2.44566761165267,"Cat"
"107",2.83517704142213,-0.350157781265253,2.95821806268438,"Cat"
"108",6.24101180374613,0.243130753578009,2.5953592016811,"Cat"
"109",-4.24884594544436,0.716298673084024,2.39169707900285,"Cat"
"110",3.62389121221751,-0.45065026678976,2.16551264526179,"Cat"
"111",-0.239175962174919,0.997858417684686,2.33458512681602,"Cat"
"112",8.84851054815362,1.131404552384,2.28344294947286,"Cookie"
"113",5.16495048743844,0.110806382812819,3.28492785824213,"Cat"
"114",5.06578484532589,1.17028792094809,2.22350475158198,"Cookie"
"115",4.75194414671373,0.41621514362298,2.48544946001279,"Cat"
"116",8.06792243031097,2.67150862858513,2.74774631812376,"Cookie"
"117",6.2146761192617,1.97806384553293,1.7938354158733,"Cookie"
"118",2.79826912200688,-1.1434393496824,2.78523893407611,"Cat"
"119",2.04009788197369,0.756503970752124,2.53082888165488,"Cat"
"120",4.21124268567598,-0.0861944198897295,2.47297337258498,"Cat"
"121",8.56419237564716,1.47350431900693,2.20937270448286,"Cookie"
"122",6.90767979870209,2.18227198617536,2.87462344011255,"Cookie"
"123",6.36750064409762,0.468913278046784,2.30835614428763,"Cookie"
"124",0.427189779680567,-0.703226307733988,2.44187946775015,"Cat"
"125",1.59995964951398,0.591045809973996,2.38915161159606,"Cat"
"126",4.82212538715613,1.05406776992583,2.62239426872997,"Cookie"
"127",6.33763860670691,1.05352758902035,2.4139343047543,"Cookie"
"128",7.04268724072625,0.198020505397489,2.67399211487415,"Cat"
"129",9.27663414874445,0.107120253137296,2.19576121971206,"Cookie"
"130",4.02076255486954,-0.510491649248916,2.54049434610152,"Cat"
"131",2.2910691356486,2.13435438977034,2.68999327288446,"Cookie"
"132",3.21479253458665,-0.119667240561187,2.73306271810629,"Cat"
"133",5.50970174157144,1.17706811425918,2.65060734199879,"Cookie"
"134",5.06834253718956,1.31136915525723,2.58370921777583,"Cookie"
"135",2.60253822468863,0.789067320695889,2.46957595355013,"Cookie"
"136",1.14456263049308,1.01538916992675,2.35125488451112,"Cookie"
"137",4.21485972829755,0.0112760344262102,2.54965875593911,"Cat"
"138",7.57115447488282,0.337035126728598,2.69958529200503,"Cookie"
"139",4.49643652967873,0.748816059584102,2.70819625465803,"Cookie"
"140",4.952145729204,-0.241071985320095,2.64479043036592,"Cat"
"141",0.159819328164148,0.594062063685756,2.39003873305939,"Cat"
"142",4.19841262285189,1.38670835076691,2.56623310976514,"Cookie"
"143",4.17799019637208,-0.65759008901712,2.79567515996625,"Cat"
"144",6.70722497499268,0.404406212429331,2.23581123995131,"Cookie"
"145",5.78718917544167,0.918087644348035,2.40855851717433,"Cookie"
"146",0.753919834909183,1.49057995764281,2.33853174359263,"Cookie"
"147",-0.228721903709348,0.977519590501693,2.6265461864564,"Cat"
"148",8.90221295884785,1.80439683869013,2.97490297512292,"Cookie"
"149",2.12473756049805,1.36447646895837,2.5936290610086,"Cookie"
"150",5.46233416632511,0.79284509716915,2.55302939770791,"Cookie"
"151",-0.16742127006755,0.158762071531653,2.62131102276531,"Cat"
"152",1.99424867414108,-1.37182550467352,2.31737163419289,"Cat"
"153",2.92203895070591,1.17490951517327,1.95521151456253,"Cookie"
"154",8.1692038268637,-0.560978745974835,2.69576061426024,"Cat"
"155",-1.3343343550798,-0.293053444583986,2.48571477341442,"Cat"
"156",5.5209962416956,1.44461964797047,2.70950492576275,"Cookie"
"157",6.72337580855163,-0.09979111886809,2.81575483528018,"Cat"
"158",8.34436037830816,1.7320487029301,2.35334173801742,"Cookie"
"159",6.89309342286593,-0.127414814370051,2.37567235572666,"Cat"
"160",7.4459149688434,1.52177159902212,2.49822746057679,"Cookie"
"161",3.81392933382963,-0.314496126847326,2.91214953350429,"Cat"
"162",1.28701793933108,1.77214595014883,2.87625650807776,"Cookie"
"163",6.29652301779031,0.344209499504802,2.55421689782022,"Cat"
"164",6.18399827280262,1.29853771659005,2.29385400400895,"Cookie"
"165",0.910941882889712,0.405415713534499,2.4132336518687,"Cat"
"166",6.66499019166737,0.479089388052713,1.96476272207827,"Cookie"
"167",3.55109046057788,0.574077594355377,2.38236212670273,"Cat"
"168",4.64768225045545,-0.240042959139868,2.58981281944491,"Cat"
"169",4.13344753092441,0.466729092750743,2.28165760186187,"Cat"
"170",1.90163447194961,0.35062645150201,2.24789025929057,"Cat"
"171",9.53217529104408,-0.30097165588477,2.53540346375967,"Cat"
"172",5.58353957528697,0.179353390468051,2.47516351285338,"Cat"
"173",3.62826341311886,0.903650078357127,2.8609619560606,"Cookie"
"174",3.620226743799,1.35475648804771,2.28069275272008,"Cookie"
"175",-4.29735104370552,0.70074650795177,2.07824988258114,"Cat"
"176",1.78215305630746,1.58277233626202,2.58750502228005,"Cookie"
"177",8.43575318649544,0.367030449952435,2.68688635427976,"Cookie"
"178",-6.46933929876777,0.624661016403578,2.24554546780847,"Cat"
"179",-2.58000773718827,-0.510328569977235,2.43317244074794,"Cat"
"180",2.43202543931659,-0.277934848471903,2.49833656093787,"Cat"
"181",3.78152719287589,-0.543558278068524,2.7537477323869,"Cat"
"182",1.43269483064632,1.23373494397763,2.50663393522427,"Cookie"
"183",1.44838335051847,0.40216697025228,2.21685764266855,"Cat"
"184",2.09148140363381,0.912328628690321,2.64802547228073,"Cat"
"185",7.53437177439551,-0.612279190901427,1.87370448195018,"Cat"
"186",4.8188753877019,1.90327880657171,2.5361213301718,"Cookie"
"187",1.84171004370489,0.248564021321306,2.14084631614066,"Cat"
"188",2.89376724934348,1.11877057504077,2.8263941622042,"Cookie"
"189",3.85172640743984,1.03874208215923,2.19129312814277,"Cookie"
"190",5.09773763937715,-0.0909428134588426,2.13233536276742,"Cat"
"191",2.58572792040478,1.67253156079328,2.70474178675428,"Cookie"
"192",2.4503776126967,0.982567664292628,2.33570092005207,"Cookie"
"193",5.94578639333204,0.381045863616973,2.42930139129041,"Cookie"
"194",8.0717580039056,0.133108732418204,2.1391426865038,"Cookie"
"195",4.85094919928039,-0.188754499406168,2.53467915301203,"Cat"
"196",8.89469520749582,1.01389309860916,2.16256245241272,"Cookie"
"197",7.7622811211002,0.730120694605019,2.46918773636506,"Cookie"
"198",0.450568354688687,0.75516172269153,2.60506529742762,"Cat"
"199",6.15673905941352,0.776780339277637,2.9883240836606,"Cookie"
"200",4.99492743224026,-0.412393077855026,2.63761979421789,"Cat"
"201",2.77830359911149,0.552161243453456,2.31191348600922,"Cat"
"202",5.26687601967936,1.0294697533844,2.35624239021162,"Cookie"
"203",10.3433811669432,0.43383543955918,2.9723782412238,"Cookie"
"204",-1.6979215001119,1.6317318579217,2.42009380014901,"Cookie"
"205",-4.29156224248096,1.00021760889286,2.05338973312671,"Cat"
"206",0.52648071383957,-0.247178178450843,2.57425398900812,"Cat"
"207",-4.64326947669366,0.80607943373615,2.46296588874394,"Cat"
"208",6.04417028759249,0.743818693001277,2.22697349894271,"Cookie"
"209",2.5135985499625,0.48823398356684,2.4949035200384,"Cat"
"210",5.48558079798442,0.228235605496433,2.33752786691776,"Cat"
"211",4.6886896679247,-0.231820383429205,2.20543868636787,"Cat"
"212",5.84720563716752,0.309723893346316,2.51530750560616,"Cat"
"213",0.320410951445142,1.22115184437825,2.23422454500593,"Cookie"
"214",3.86194877903094,0.536482796368297,2.07469627938598,"Cookie"
"215",6.67718161105187,0.660429043718411,2.4843078480633,"Cookie"
"216",-4.50131421997989,-0.19424289371932,2.45850725349355,"Cat"
"217",3.19080960140967,1.38952922602695,2.55002047711775,"Cookie"
"218",3.01972728808037,1.81645538086841,2.57935513404003,"Cookie"
"219",5.00886730106186,-0.773923686934864,2.4555920454812,"Cat"
"220",6.34613293675893,-0.825397818768005,2.63191319632142,"Cat"
"221",7.51652491129069,0.311193078201439,2.23909153824436,"Cookie"
"222",0.272110823135736,0.465994553068028,2.59773258689521,"Cat"
"223",2.72899089831246,1.59208100219805,2.50740490616909,"Cookie"
"224",-0.0994812115680386,-0.00356007675876191,2.26281603105179,"Cat"
"225",4.20619065425838,-0.295845168459753,2.41912733304825,"Cat"
"226",5.35825088865227,0.217770511295806,2.56777362352526,"Cat"
"227",5.35702156466125,0.805584390022222,2.58306756197136,"Cookie"
"228",1.66870637283372,-0.298660157820247,2.06919434454007,"Cat"
"229",0.878568313570613,-0.82133410625766,2.42656997871178,"Cat"
"230",2.20827539173554,0.0608486972973585,2.83504307507063,"Cat"
"231",3.64666544330807,-0.00264870836667097,2.40907622687372,"Cat"
"232",6.68923666004644,-0.104964818571454,2.39974861460293,"Cat"
"233",1.54983040264564,1.4498531193822,2.6094349796453,"Cookie"
"234",7.25258863808123,0.986594360692382,2.32478371452774,"Cookie"
"235",5.17075388349433,0.311164455848682,2.24611225017538,"Cat"
"236",2.5368691230388,1.33166734786449,2.51561451369504,"Cookie"
"237",1.72038506795489,-0.666098670009075,2.64877515041236,"Cat"
"238",6.07890997840722,-0.590021425336675,2.50788655468965,"Cat"
"239",1.29714691463875,0.576683661861818,1.91463918904921,"Cat"
"240",5.67423476390571,-0.548031104290299,2.59406092582299,"Cat"
"241",4.32055093343438,1.03404977129582,2.73762346452804,"Cookie"
"242",2.99506635985013,-0.292746902122138,2.82463510434576,"Cat"
"243",2.19776098517497,0.432832193314136,3.07952751225599,"Cat"
"244",7.20936620104033,-0.134876910418402,2.2799687076008,"Cat"
"245",6.17167015702966,1.1331170503836,2.45702359698038,"Cookie"
"246",9.53395654278442,1.05669962765688,2.80102806258218,"Cookie"
"247",8.72551780400655,1.11636097139062,2.49931716483723,"Cookie"
"248",2.01427931646256,-0.0730078317810446,2.32942097694903,"Cat"
"249",5.45292927711106,1.07128047360536,1.98622517404873,"Cookie"
"250",3.23424396093383,1.31056544114445,2.17143300859076,"Cookie"
"251",0.944063940466529,0.423386577507414,3.01919550929882,"Cat"
"252",-0.240130592362863,0.289803507070261,2.62922178869163,"Cat"
"253",0.824149721801671,-0.125259034610499,2.59660200011916,"Cat"
"254",1.61352373098916,0.541204944362936,2.57238108468157,"Cat"
"255",4.33596737397203,0.198591987603026,2.54765808543845,"Cat"
"256",2.39521372984262,0.732073708043498,2.8259804280947,"Cat"
"257",5.33904916067896,-0.099094607325748,3.00490712699294,"Cat"
"258",4.00203263662807,0.100563431237949,2.40863021374048,"Cat"
"259",4.33569684399701,0.694203891724362,2.52293950932717,"Cookie"
"260",1.79246605846471,1.26041071746695,2.3217002079291,"Cookie"
"261",-0.989860587284209,0.74196132320547,2.4525807679479,"Cat"
"262",5.79972880434586,-0.151636116836146,2.37881898260165,"Cat"
"263",2.20318006285767,0.908571607805892,2.71112328845334,"Cat"
"264",7.84790062440176,0.597642536806148,2.7423637926329,"Cookie"
"265",2.42459190970427,1.46002474318391,2.2205748006551,"Cookie"
"266",-0.724326281731055,0.142015213011265,2.86764875806266,"Cat"
"267",4.62898819481093,0.152332937132337,2.62611528689672,"Cat"
"268",2.41736393327246,-0.147794140920648,2.23205180371468,"Cat"
"269",5.18936569213115,0.0577867728849216,3.03282355827278,"Cat"
"270",-1.17123091347015,0.712000667478721,2.19854910792825,"Cat"
"271",2.58160116037935,0.623284639443079,2.0964915422465,"Cookie"
"272",-0.724370567392199,0.937826080878069,2.60846217020017,"Cat"
"273",6.11902308593165,0.984410383165769,2.1683721940476,"Cookie"
"274",6.40997184317895,0.148024073679091,2.74424226639804,"Cat"
"275",5.37610951143071,0.491041123343014,2.53573792426121,"Cookie"
"276",10.9706079187923,1.04151486039686,2.56847122143484,"Cookie"
"277",7.30468818870485,1.64451181739175,2.23869531815988,"Cookie"
"278",-1.73607406951857,2.06658153221038,2.36413179918195,"Cookie"
"279",2.96987248457634,0.760579206972557,2.16193394446999,"Cookie"
"280",5.98505957132623,-0.547060893731023,2.82729552161689,"Cat"
"281",0.756337583149921,0.880730992001225,2.45166496843005,"Cat"
"282",4.42793348424129,0.505356619752938,2.51655493510786,"Cat"
"283",6.58924736028365,1.53117944171879,2.55389034731161,"Cookie"
"284",7.58177880349722,0.832487615672346,2.9086225434845,"Cookie"
"285",8.98863404919078,-1.37733973454441,2.10392483318197,"Cat"
"286",-2.80428296568457,1.21347676593198,2.38177847392743,"Cat"
"287",6.72423789378796,0.143609548126386,2.8557081742542,"Cat"
"288",2.92349753990624,0.930654088266852,2.61664418234159,"Cookie"
"289",1.91539091186398,1.45933864926906,2.07887256853127,"Cookie"
"290",4.6320999995042,0.621214391011422,2.7576571488776,"Cat"
"291",1.86118952631851,0.767396814881938,2.58620046889215,"Cat"
"292",1.76328288733384,-0.146439456366347,2.84208481387684,"Cat"
"293",9.05289899450183,-0.454363024762427,2.01242718540099,"Cat"
"294",3.78652062708091,1.35663836919208,2.6481371705754,"Cookie"
"295",8.78666714561447,0.709714394235501,2.18784649396336,"Cookie"
"296",2.04566162046912,-1.18884216652655,2.54011806474706,"Cat"
"297",0.91029136540656,1.60177621838605,2.25610510190212,"Cookie"
"298",9.75662382542643,0.977376885511384,2.45391703772898,"Cookie"
"299",2.60098891385353,0.949732583474804,2.45428824067064,"Cookie"
"300",0.00840030369427502,-0.16515097150432,2.00666058663116,"Cat"
"301",-0.457233710362727,0.280075137342976,2.11833976185474,"Cat"
"302",4.08942261220824,1.44131569069373,2.59292612325382,"Cookie"
"303",2.76989815617168,0.298686093951632,2.54850374074529,"Cat"
"304",8.79587134971041,0.457823645154944,2.47891377874829,"Cookie"
"305",2.39704467467312,0.29567557142566,2.47305077377612,"Cat"
"306",6.74666473966754,0.0754668052062845,2.4469894518511,"Cat"
"307",6.47008120160801,1.18140975635047,2.31354527050343,"Cookie"
"308",4.41818501729892,0.0669910430691962,1.96804847173409,"Cat"
"309",0.0658219305132857,1.47991800927944,2.63765832427542,"Cookie"
"310",7.59999443837164,0.337407613289587,2.22681720317668,"Cookie"
"311",4.27237737198184,0.56749399155214,1.91051064027965,"Cookie"
"312",6.6293238955927,1.11609249991914,2.30100677611491,"Cookie"
"313",6.35179131541032,0.533435838464064,2.92889684574541,"Cat"
"314",0.346019925719559,0.358043733185725,2.61865526572361,"Cat"
"315",2.427656555251,0.725531462277424,2.56968342915941,"Cat"
"316",11.3509240647375,0.57911614735245,2.40231645702012,"Cookie"
"317",2.74180116874422,-0.882472278274143,2.46223095822377,"Cat"
"318",3.15672514473269,0.451618727378727,2.5063657477602,"Cat"
"319",1.13946095130382,1.43441456520642,2.79700340104627,"Cookie"
"320",0.584095931666685,0.742252424045781,2.36310335841621,"Cat"
"321",4.49932305287398,-0.100708691146064,2.43848567122329,"Cat"
"322",0.63238363409946,0.25815293628812,2.25242434020369,"Cat"
"323",1.5370183421236,0.921061239476953,2.66780274487998,"Cat"
"324",4.41847318033994,0.412386766499089,2.27900381510521,"Cat"
"325",1.29421804209018,0.591669173251978,1.81058991017717,"Cat"
"326",6.03841756356603,0.313618690849957,2.04467601463935,"Cookie"
"327",8.29821673829583,2.06389934510967,2.52927964393503,"Cookie"
"328",5.12377273653403,1.41387364274174,2.62326792442518,"Cookie"
"329",5.58170618515414,0.0242278116126264,2.25380450528802,"Cat"
"330",2.78588822066295,1.0857136602864,2.59724905088905,"Cookie"
"331",5.29177882345819,0.48740441646207,2.48516543929786,"Cookie"
"332",3.37907742235211,0.50923778353872,2.25725378443382,"Cat"
"333",6.15805090113668,-0.077969255427783,2.19006982647413,"Cat"
"334",10.656685937304,1.47528312595497,3.1245253407269,"Cookie"
"335",3.46700209678136,0.211527837658223,2.45392251917872,"Cat"
"336",2.15030394191138,0.516256751833744,2.65370835022388,"Cat"
"337",1.45581295143691,0.770566390873539,2.18806050221357,"Cat"
"338",6.12673725185826,0.299021117014976,2.21991949374893,"Cookie"
"339",4.20189439656936,0.155856935102256,2.50742482489597,"Cat"
"340",4.40419809707979,0.494886295080404,2.66163337247338,"Cat"
"341",7.97361377958223,0.465218235122801,2.88497521239094,"Cookie"
"342",8.46984771678272,2.30640431654156,2.77011838788422,"Cookie"
"343",1.44527194718573,0.718787574110517,2.74972210779399,"Cat"
"344",5.70244534225532,1.31929851966058,2.89561526626417,"Cookie"
"345",4.08229460466401,0.826254242775229,2.5738305780806,"Cookie"
"346",6.17533091411674,1.29885214504928,2.53799204050694,"Cookie"
"347",1.20779873320331,-0.282409415031626,2.38758903248434,"Cat"
"348",6.11229557049193,0.526967007425797,2.43812765872695,"Cookie"
"349",8.38499907703533,0.579320070968311,2.62238165549929,"Cookie"
"350",6.19705429035204,0.220359608332281,2.78839320640803,"Cat"
"351",9.53981692957567,0.332099987057935,2.55522890219472,"Cookie"
"352",0.516644462984956,0.787957840376519,2.81735205384049,"Cat"
"353",2.84314308182761,0.312273197167802,2.48703371017628,"Cat"
"354",-2.25063774934825,0.747678635529015,2.54497567523632,"Cat"
"355",4.17967717863221,0.230874205762868,2.25460976887176,"Cat"
"356",0.862543715357539,0.629685664144044,2.48457211481666,"Cat"
"357",3.12897247495483,0.31901192456496,2.07514323219421,"Cat"
"358",2.50052661335894,0.254856835942881,2.62795942376586,"Cat"
"359",9.29765431101137,0.997675268131769,1.94706294752624,"Cookie"
"360",2.86991471656792,1.11348345644283,2.34928181916045,"Cookie"
"361",5.83639578268143,0.760678257079213,2.28851422566318,"Cookie"
"362",-1.91751887415455,1.05871488293797,2.52904275519775,"Cat"
"363",2.6240205504185,0.0589764425673741,2.15561039908206,"Cat"
"364",1.05764164265138,0.957438757614542,2.57203649473009,"Cat"
"365",8.13950464147667,-0.482885606738345,1.88631311865628,"Cat"
"366",5.77248794077139,-1.18211661620676,2.85826503380324,"Cat"
"367",3.26021316134092,1.62446808305121,2.25733836461889,"Cookie"
"368",5.09511918052682,0.805494840161373,2.41675511003502,"Cookie"
"369",3.15315505400142,0.72933059865377,2.52489404216713,"Cat"
"370",4.05376703449771,-0.3889710135059,2.62699792122096,"Cat"
"371",2.10795124155193,-0.140738263787266,2.96255180669603,"Cat"
"372",6.98629049215085,0.17852915731887,2.89182398340388,"Cat"
"373",2.972253824045,1.60117113589218,2.56180756799736,"Cookie"
"374",6.07842069556042,-0.350369996733697,2.87404084097764,"Cat"
"375",2.39532408932067,-0.107814249436901,2.62043328079679,"Cat"
"376",-0.2053824844586,1.01647840080449,2.11556022481941,"Cookie"
"377",-3.37017767149789,-0.325926862834027,2.83159666898016,"Cat"
"378",1.64518557610583,0.626840761221223,2.97093345428978,"Cat"
"379",5.12170528192958,0.44628281027041,2.39502004664298,"Cookie"
"380",4.08298937649062,0.940542886314841,2.41432218720269,"Cookie"
"381",7.3500335638287,1.93123561043137,2.81540781495788,"Cookie"
"382",6.83888120244313,0.600342158373763,2.32220298324692,"Cookie"
"383",2.38426325553882,2.57956127168687,2.70916325814395,"Cookie"
"384",12.6741359088044,0.806379430298071,2.55328004197647,"Cookie"
"385",3.6447506075318,-0.28946297986459,2.44195052133701,"Cat"
"386",3.01216226768585,0.220316694451178,2.54379924285148,"Cat"
"387",3.0365769535428,1.63746537277605,2.81061694642851,"Cookie"
"388",10.5416093817458,-0.52776774712467,2.67311855701845,"Cat"
"389",2.0243289968119,0.716207995894711,2.30357070097076,"Cat"
"390",8.85195825832982,0.960480600759378,2.85974652207488,"Cookie"
"391",3.50351151309839,0.930200848350529,2.54970302571111,"Cookie"
"392",-0.491901783480591,1.29279166318583,2.47225084787939,"Cookie"
"393",5.10682466646954,0.383943086412567,2.23541934443069,"Cookie"
"394",2.26824092330165,0.109095352300115,2.51411338433553,"Cat"
"395",0.749113837387123,0.0404085762302429,2.65803561607936,"Cat"
"396",4.82454098338411,0.944070832397201,2.26075779269086,"Cookie"
"397",5.43879449044433,0.319313545208565,2.46463346451447,"Cat"
"398",4.33417233718323,0.712374357625818,2.15539446946772,"Cookie"
"399",7.79703014447019,0.299321885219972,2.22694544271176,"Cookie"
"400",9.3639747312288,0.715073032755672,2.06620787384744,"Cookie"
"401",8.03835662822491,0.256046013650594,1.80688279198831,"Cookie"
"402",5.16957688756671,-0.396828293593529,2.57551489066019,"Cat"
"403",4.09315352435281,0.257878553137142,2.51165111797024,"Cat"
"404",7.57598085182632,-0.380252780083397,2.63530753061907,"Cat"
"405",4.14130532763056,0.333539103517167,2.56954000495209,"Cat"
"406",7.48956893001709,1.56033997121513,2.55496067137206,"Cookie"
"407",4.09964478151079,1.26970122833708,3.03223905830228,"Cookie"
"408",2.95636305165183,1.21666365960599,2.96127826608812,"Cookie"
"409",-0.447447214413602,0.414893926915288,2.61516897395966,"Cat"
"410",2.46318077636545,0.848939376277806,2.63529182061049,"Cat"
"411",6.13580448519291,1.01932073789106,2.43620337853226,"Cookie"
"412",8.31395448525692,-0.198241170004999,2.14338685187442,"Cat"
"413",6.35346016975678,1.6779127043417,2.6762996150816,"Cookie"
"414",4.88834708697864,1.42552038075756,2.42022808450444,"Cookie"
"415",5.27125330785049,1.84789956576071,2.56688166787349,"Cookie"
"416",0.891449479033534,0.286728205292109,2.34668887213357,"Cat"
"417",2.503580428757,0.885661978332254,2.19188213842899,"Cookie"
"418",0.489876364570634,0.0823805894263833,2.56779761148302,"Cat"
"419",9.01285786686736,0.678859525575849,2.58633151798549,"Cookie"
"420",4.94810068675923,-0.655613431313788,2.13195370080761,"Cat"
"421",5.21530322864093,1.19009577449235,2.79788820844977,"Cookie"
"422",5.60149822196322,0.307945552908609,2.45300066085306,"Cat"
"423",1.62046725842174,1.28584627675439,2.48029303697972,"Cookie"
"424",1.16566820646619,0.0200246796390861,2.35497910783725,"Cat"
"425",0.595157577294928,-0.306190139695118,2.69630321417825,"Cat"
"426",5.94678709929444,-0.115212913554696,2.65251794321413,"Cat"
"427",-0.940116150573166,0.533392241255449,2.22237076993251,"Cat"
"428",0.990969887265855,1.01947055359093,2.46199775590762,"Cookie"
"429",-0.895086550020181,-1.38284037083886,2.46966912698401,"Cat"
"430",2.68692629618198,-0.0604653238775458,2.57346939662904,"Cat"
"431",9.30936779476998,0.444072901798108,2.52233235324702,"Cookie"
"432",11.4214256721373,0.626117904448455,2.99331722420148,"Cookie"
"433",5.92796440415008,-0.19429716315287,2.56482966950351,"Cat"
"434",3.54082069740624,0.788171243889724,2.26096632772413,"Cookie"
"435",7.79526899093306,-1.042035195198,2.31551605610026,"Cat"
"436",1.07269030893892,1.64439874236994,3.08351786986005,"Cookie"
"437",6.48892417588538,-0.221630874493927,2.39980018325773,"Cat"
"438",7.1338438523201,-0.662097924405777,2.30247304152321,"Cat"
"439",0.291150679501171,0.799658366467847,2.30261512543408,"Cat"
"440",5.22355337160721,-0.258014846319357,2.66603726674951,"Cat"
"441",7.70824691594074,-0.139874327082033,2.6495468834854,"Cat"
"442",0.55371772087668,1.23581794340221,2.50120339935484,"Cookie"
"443",7.61702933070846,-0.0829441929877605,2.14415098879985,"Cat"
"444",7.10348876910476,0.706426043362399,2.35777704834793,"Cookie"
"445",1.08611210842008,1.47683719787915,2.73354647830817,"Cookie"
"446",1.150081904006,0.232583214799801,2.35043760047665,"Cat"
"447",4.01539116642375,0.952330357426614,2.61013518997692,"Cookie"
"448",2.51993315059867,0.337650285716819,2.96802858801962,"Cat"
"449",3.32416707544086,0.0709516853990944,2.79041415600046,"Cat"
"450",3.61784090501011,1.34081094803183,2.65877802070216,"Cookie"
"451",-1.24582690307049,-0.323451906170114,2.80629966877393,"Cat"
"452",9.10500398632982,0.616325819215737,2.45448661989374,"Cookie"
"453",3.82579999378307,1.2062597941787,2.65798318963133,"Cookie"
"454",6.27699671309181,-0.0352971924738692,2.77305472774087,"Cat"
"455",5.91131180426462,0.325775764606857,2.31021391575386,"Cookie"
"456",2.38344563871676,0.429092636043108,2.39804599415268,"Cat"
"457",-1.02776417721942,0.313517124355247,2.41643480561921,"Cat"
"458",3.30852646573341,0.627135525552686,2.81314346556437,"Cat"
"459",-1.33576788432602,0.517918264004762,2.42032948849374,"Cat"
"460",3.65534166849832,0.546088353343458,2.67926192117753,"Cat"
"461",7.89016068964964,1.01103017486224,2.58839482645114,"Cookie"
"462",4.66789539949137,0.830008312133217,2.87362343948246,"Cookie"
"463",-0.0412373235291863,-1.29858738675055,2.58572316574006,"Cat"
"464",10.3293716217674,1.94632712538036,2.36346718559379,"Cookie"
"465",7.32921039330573,0.898572749222981,2.26262028602712,"Cookie"
"466",0.60843486859197,0.311011578370824,2.21526257877286,"Cat"
"467",0.364574012202882,1.54753714056014,2.51160159315901,"Cookie"
"468",5.59964951314849,0.605980965675029,2.25344662287818,"Cookie"
"469",4.29948520981606,-0.0911114798184143,2.72009385685205,"Cat"
"470",0.225216317196599,1.44129868986104,2.14221274617804,"Cookie"
"471",-2.66425070808026,0.831333369697617,2.4810444021621,"Cat"
"472",4.50851428897984,0.261462848561003,1.95055042009928,"Cat"
"473",2.21265515355375,0.84287557600002,2.42313977520388,"Cookie"
"474",3.39657339278993,-0.626682789454445,2.70452850631207,"Cat"
"475",5.86487160963368,1.03822851280344,2.43575494792292,"Cookie"
"476",5.09803798729578,2.27631470344633,2.31718981936191,"Cookie"
"477",3.58569469936576,0.514694432542064,2.5281778131383,"Cat"
"478",8.94500893473973,0.835479847203762,2.10813605564579,"Cookie"
"479",-0.454601279447448,1.60099353357964,2.98547290762686,"Cookie"
"480",2.3288264646062,1.27923681907019,2.48861394463529,"Cookie"
"481",-0.189949689303072,0.558707781886589,2.24421648799389,"Cat"
"482",4.93147621541002,1.44845036425541,2.32183788535941,"Cookie"
"483",7.11127141691708,0.254904869173851,2.75496409978456,"Cat"
"484",9.63978084746009,1.43110647934457,2.7988014170083,"Cookie"
"485",5.69073325326276,-0.889791268265782,2.45045640681694,"Cat"
"486",1.44414117142687,1.09832063631132,2.49414700837204,"Cookie"
"487",-7.7324861259404,-0.218308866956219,2.50148992022332,"Cat"
"488",6.373366294805,-0.37698544548687,2.82870821510915,"Cat"
"489",6.81258214631468,0.900608901117083,2.88143607901706,"Cookie"
"490",8.11440019420955,-0.175183723768327,2.36302971974442,"Cat"
"491",0.409132596168845,-0.128436642985045,2.43072288176919,"Cat"
"492",1.77319888348408,0.382403234672472,2.43320089839555,"Cat"
"493",3.94667388249085,0.248119773165319,2.39389718975433,"Cat"
"494",1.83026571791255,0.971897071900436,2.09409777702778,"Cookie"
"495",5.03861971366586,-0.471655791363564,2.50838491039353,"Cat"
"496",-2.34626927378712,0.808243334717432,2.47603949329483,"Cat"
"497",-1.9315567245731,1.3381075860762,3.05659394162532,"Cat"
"498",-4.4859664551199,1.09679243037243,2.12922663254643,"Cat"
"499",3.66207826279414,1.09298455682717,2.44693647439282,"Cookie"
"500",4.32929400679262,0.449053610922206,2.67775592524352,"Cat"
"501",4.40454891768678,0.50424280653466,2.59759722613059,"Cat"
"502",7.37175658266628,0.380096224348376,2.70415640315927,"Cookie"
"503",6.58833179980912,-1.27457967186691,2.27422461314946,"Cat"
"504",6.09665852453029,0.674952380612393,2.91396929306422,"Cookie"
"505",0.126602651009285,-0.376970760792024,2.31539438213379,"Cat"
"506",4.50386146433939,0.996530321806337,2.54521703770593,"Cookie"
"507",0.720184111796005,0.848514298859464,2.71872586246385,"Cat"
"508",4.77517122881862,0.868270304357005,2.59643004627717,"Cookie"
"509",-2.59505347693647,-1.0308693649768,2.10870724843023,"Cat"
"510",7.72714755636503,0.641475214874403,2.70146068425143,"Cookie"
"511",2.47374329591262,0.303232732045369,2.50686884586617,"Cat"
"512",2.94193255619254,1.32374289137896,2.61722411899804,"Cookie"
"513",5.5649936954886,0.773688959577477,2.53946281778604,"Cookie"
"514",4.24797995665399,0.542734923885046,2.40054889112578,"Cat"
"515",2.38870688209384,1.14298071883535,2.07474133077281,"Cookie"
"516",9.13653173493741,1.39370908124688,2.56466210565746,"Cookie"
"517",6.33591833286678,0.188573583116632,2.53491402591666,"Cat"
"518",4.79007798729187,1.14569019376151,2.10596222666185,"Cookie"
"519",2.73262202829012,1.21515446815117,2.37500604154712,"Cookie"
"520",3.78714881707206,0.593893160268267,2.33435823423824,"Cookie"
"521",5.81563812103243,0.82714744596964,2.89748731184108,"Cookie"
"522",3.9563748605594,0.127426341857371,2.17929849634324,"Cat"
"523",9.34027372393432,0.121752952300026,2.22590326338846,"Cookie"
"524",2.49633065715265,1.08843947402013,2.51632078845484,"Cookie"
"525",3.71295972040782,-0.553920751454159,2.31909747217637,"Cat"
"526",6.61773980115589,0.524749838368603,2.45918405226029,"Cookie"
"527",4.79950865497088,0.243962840628208,2.23028431349023,"Cat"
"528",4.51916340000266,1.14403915741936,2.63003523635765,"Cookie"
"529",2.70152079535796,0.166288654719494,2.84159143697574,"Cat"
"530",6.03313272525345,1.14915834077232,2.95162187852571,"Cookie"
"531",-3.34464965449598,0.331238999850233,2.02359578544923,"Cat"
"532",3.90387215179128,0.373690813149173,2.32122966588924,"Cat"
"533",3.38517162945577,1.60414219586915,2.35100323782981,"Cookie"
"534",3.48305563724086,0.950334713893583,2.46037866577761,"Cookie"
"535",2.22577603961223,0.446594557875102,2.95987662004419,"Cat"
"536",1.54371915761629,1.05399321866425,2.1315885370131,"Cookie"
"537",7.35173375211792,2.35087837967513,2.4054958092473,"Cookie"
"538",3.19281767469771,0.584144936812635,2.58450868860668,"Cat"
"539",-1.00858404386885,1.00606311504554,2.10864734791791,"Cat"
"540",0.277953955479503,0.996387407693946,2.20268897253316,"Cookie"
"541",2.52095121977478,0.543449610364981,2.35019543901967,"Cat"
"542",1.8939598019947,0.330402797606156,2.09350054634566,"Cat"
"543",-2.55682780126879,1.20916102889074,2.66153881845787,"Cat"
"544",-0.429101724963531,1.57675624480409,2.47890250550705,"Cookie"
"545",1.24686315390005,-0.710450960310214,2.89729296529263,"Cat"
"546",2.98036605040513,-0.197549381084338,2.28836351228367,"Cat"
"547",4.87867079405154,1.06737595971506,2.18601417420747,"Cookie"
"548",8.59080835609203,-0.770695691511294,2.68621720989929,"Cat"
"549",6.85306223953653,0.350467402365328,2.47844457490874,"Cookie"
"550",4.47601105550807,0.339389593208094,2.62349600540142,"Cat"
"551",1.61029689038803,0.447102961147766,2.00882186794982,"Cat"
"552",5.18831469894444,-0.70683052223227,2.70731226160372,"Cat"
"553",0.38744714246385,0.0639023555997477,2.31612641918727,"Cat"
"554",1.06178628924526,-0.159930536177546,2.62322191958578,"Cat"
"555",1.48685340742596,-0.114279437810406,2.31032145815446,"Cat"
"556",7.36242034209573,-1.07099327351512,2.72148616563205,"Cat"
"557",4.47027931137466,-0.00278524302818683,2.4987906600316,"Cat"
"558",1.91313786094584,-0.0758762649336584,2.13994525899039,"Cat"
"559",2.01574260272388,0.0204748433266522,2.11578863932008,"Cat"
"560",4.93916339845594,2.95425807047324,2.57568975450797,"Cookie"
"561",0.924234280430638,0.623150191875932,2.66581027352572,"Cat"
"562",4.93415272063332,0.720574900853082,2.83333914551057,"Cookie"
"563",-3.86573011551576,2.11415889588474,2.37540686703968,"Cookie"
"564",0.537888150816693,0.972062145376895,2.23065533591811,"Cookie"
"565",5.1854998561359,0.651119111772023,2.40549615535545,"Cookie"
"566",3.45308987439432,0.21924237633193,2.68051984330631,"Cat"
"567",2.971358217157,-0.380353688807455,1.92261576933602,"Cat"
"568",3.92502658645806,-0.558110290099642,2.59970774503539,"Cat"
"569",3.38189868239661,0.260528094438631,2.55492611476099,"Cat"
"570",0.522818328084404,-0.281503028027964,2.622965003043,"Cat"
"571",7.11109614546176,1.0409927069918,2.33428261523564,"Cookie"
"572",4.52320930244588,0.582536428111287,1.97343017935865,"Cookie"
"573",4.53114077415588,-1.5299191666084,2.86076179220995,"Cat"
"574",5.0171326955774,-0.642471265838537,2.65064357482684,"Cat"
"575",5.04500970652577,-0.22753178653446,2.30142797974995,"Cat"
"576",4.41358209301929,-0.0045920411639333,2.3069194541211,"Cat"
"577",6.5309766162055,-0.970475648955046,2.14509898295518,"Cat"
"578",7.77316554223029,0.606082033535658,2.17645523220873,"Cookie"
"579",8.50143470941124,-0.57359842766676,2.82605438482418,"Cat"
"580",1.36189297650063,1.21017784333432,2.91452182531845,"Cookie"
"581",2.01295621351533,1.0641975361777,2.44304865042214,"Cookie"
"582",2.09565927711409,-0.446723979379637,2.5235786447091,"Cat"
"583",7.6897005911222,-0.492393086368443,2.54459036487671,"Cat"
"584",0.270547036183865,1.1855231571285,2.31333318140674,"Cookie"
"585",3.57532881494059,1.10810698082776,2.78381530414338,"Cookie"
"586",4.51145825909127,0.0865191250796029,2.44753185227069,"Cat"
"587",4.18281592272908,0.0331653136193519,2.63786773088242,"Cat"
"588",0.621162173723221,-0.813293612820303,2.60028029925184,"Cat"
"589",7.16174979667193,1.00591552877791,2.38865946782555,"Cookie"
"590",7.32962799478914,-0.379559325635654,2.66903627152125,"Cat"
"591",2.96337163463627,0.191432394691424,2.66060164392676,"Cat"
"592",4.52114080006624,0.899161141004551,2.98446972412105,"Cookie"
"593",7.69428636711045,0.62214143673772,2.3695920387861,"Cookie"
"594",5.43205169281131,1.89773377802249,2.66429088446852,"Cookie"
"595",6.53318081442879,0.828345742230061,2.59211318100372,"Cookie"
"596",6.35647999645455,0.0328470304538198,2.38714975225053,"Cat"
"597",-0.41519398720612,-0.16705219312368,2.60512986991924,"Cat"
"598",2.72889460976353,-0.303001728694966,2.70249824000001,"Cat"
"599",3.15638716411256,2.07526291309767,2.3647256994036,"Cookie"
"600",8.28723804901668,0.208005871056037,2.78302771008702,"Cat"
"601",1.33930677202585,-0.48604340127705,2.49224972899307,"Cat"
"602",6.29306326250001,1.3429426498851,2.30551849924448,"Cookie"
"603",3.25612167297938,-0.737629538612948,2.34780713794907,"Cat"
"604",5.85006734208974,-0.229690644186212,2.01663009104137,"Cat"
"605",6.66692561519268,0.402126926711853,2.52201872019632,"Cookie"
"606",4.00227425242689,0.153329533146755,2.58853185226089,"Cat"
"607",1.73994201232845,0.784430072017682,2.35569951765882,"Cat"
"608",2.70954522276908,1.93186257229406,2.50682980589938,"Cookie"
"609",-1.28530605690357,-0.425473671036561,2.45022398621731,"Cat"
"610",2.11592887811539,1.37545953881599,2.25271237808379,"Cookie"
"611",1.0725215319495,0.522542916653912,2.49056200315243,"Cat"
"612",5.13587490902328,0.098698285177694,2.65215912016064,"Cat"
"613",-1.86599400366238,1.55528071385175,2.92653816313208,"Cat"
"614",8.67661560481793,0.502748069366303,2.06409717016388,"Cookie"
"615",3.1974768144577,-0.271414684166627,2.5401889558431,"Cat"
"616",5.94796001958378,-0.212948950015935,2.3476783389869,"Cat"
"617",4.14684835438932,0.600376314876294,3.00557996701217,"Cat"
"618",11.2014232609925,0.147331181451869,2.65765612222225,"Cookie"
"619",6.9424418015696,1.14159634643642,2.45986939263,"Cookie"
"620",1.62390592605576,0.419763104210992,2.64140292810297,"Cat"
"621",5.47354950819744,0.265396685661044,2.63430289584826,"Cat"
"622",-1.39400974495341,-0.277443319603798,2.5057965168256,"Cat"
"623",5.1606023863333,0.550621216457673,2.26795921639392,"Cookie"
"624",2.48987541203048,-0.206510737946162,2.55008918716895,"Cat"
"625",4.53144738714729,-1.42441957069288,2.53585651279412,"Cat"
"626",4.64923966558597,0.528752438652617,2.1420045322156,"Cookie"
"627",5.25155819314685,0.365420096639092,3.10044346275726,"Cat"
"628",4.87961988790381,0.135392220630823,2.76468117498576,"Cat"
"629",3.04903905284039,-0.260897056481233,2.1903331163161,"Cat"
"630",6.39546876202558,2.32205723686391,2.25035601183113,"Cookie"
"631",2.53507178145496,1.65125153051641,2.2571943598739,"Cookie"
"632",4.67391472085873,0.379311996027825,2.85016056712828,"Cat"
"633",7.11720233349055,1.4245908356309,2.32656550222747,"Cookie"
"634",6.59891981458224,0.775931350343631,2.38654990177885,"Cookie"
"635",8.67960088434404,-1.28534297658846,2.18608778101411,"Cat"
"636",5.04053204575959,1.29994602484918,2.58492359143792,"Cookie"
"637",6.69165732953673,0.154928892560815,2.55813183730883,"Cat"
"638",4.03075280726833,-0.146635451573271,2.58742100826365,"Cat"
"639",5.89234661491293,0.260804195800839,2.25656195916988,"Cat"
"640",4.89203721544912,0.854856743018892,2.15500736063169,"Cookie"
"641",2.00277007956866,1.02694873834918,2.33709284922893,"Cookie"
"642",4.58635900963101,-0.863891430014853,2.76327833381786,"Cat"
"643",3.2377293012266,1.30710675435571,2.28215143733585,"Cookie"
"644",0.317338498252192,0.346491416721517,2.17618132828409,"Cat"
"645",3.98806668843501,0.0771399110602656,2.50843793997905,"Cat"
"646",2.9623471034617,0.64570822462401,2.56049626209662,"Cat"
"647",6.76513608639166,0.176105083319913,2.58317654593141,"Cat"
"648",3.70609490664013,0.431528398446302,2.22544645495836,"Cat"
"649",1.33565843486016,-0.80056363115881,2.56347536638067,"Cat"
"650",3.85854868849925,-0.646382237504312,2.79327599702514,"Cat"
"651",1.23578310834281,0.74055421205872,2.99070936932534,"Cat"
"652",-0.410014146615821,0.0287009138618326,2.349519789183,"Cat"
"653",10.781210838631,-0.150799445241826,2.33598545756304,"Cookie"
"654",7.29296278366395,-0.640955996850546,2.67077052639323,"Cat"
"655",2.23772985935892,0.535426419800556,2.45705069286856,"Cat"
"656",2.59523939219813,1.36368636078742,2.62452972038475,"Cookie"
"657",4.58375185171188,0.100051929516708,2.44314928688486,"Cat"
"658",11.1250252954238,0.415319970548052,2.38179285023309,"Cookie"
"659",6.66127430744814,-0.990713304782077,2.39321651785508,"Cat"
"660",0.204492670556355,0.95190759864745,2.41892205643487,"Cat"
"661",1.76846678714888,2.25635576954793,2.75615708611049,"Cookie"
"662",2.56405840347424,2.50162468061105,2.67735471496801,"Cookie"
"663",1.60806553067397,1.07647078725233,2.56579142400177,"Cookie"
"664",0.825260491700081,0.467702741833713,2.8936618646558,"Cat"
"665",6.28426686967815,1.28524298825203,2.13518332074781,"Cookie"
"666",1.79292073058853,0.5996886001601,2.60037857162167,"Cat"
"667",5.34172100121559,0.770413745777969,2.52454446749095,"Cookie"
"668",3.66096407604438,0.282001323355535,1.8754576145481,"Cat"
"669",4.69167645986975,1.77615353553951,2.08922183980064,"Cookie"
"670",2.61418412383228,-0.621124589398099,2.38466145303035,"Cat"
"671",-0.660312802197018,1.32924089795421,2.05701957026855,"Cookie"
"672",9.01908861795574,0.777638231148743,3.1403885711098,"Cookie"
"673",8.65651744581247,0.0996140751777833,2.76643262721443,"Cat"
"674",0.753266034351221,-0.320706670933993,2.2093165470918,"Cat"
"675",7.00645319806234,0.61603867436576,2.38749939788665,"Cookie"
"676",3.20685618927659,1.69539512454668,2.64023748202275,"Cookie"
"677",3.19306795423865,0.750572009746261,2.77751288944876,"Cat"
"678",6.81291155227485,0.756467931932759,2.63886935689846,"Cookie"
"679",3.56593933043705,1.70606921555791,2.41526012467868,"Cookie"
"680",2.66309105246,-0.145415187687319,2.68470660448794,"Cat"
"681",4.45867469204321,-0.92541089915261,2.49096654341754,"Cat"
"682",1.18422364135342,1.82883490984107,2.50517031453853,"Cookie"
"683",8.88180018269505,1.50374326293114,2.22393448640599,"Cookie"
"684",8.21933564537143,0.867684981708218,2.31207731265529,"Cookie"
"685",-2.06865136971669,0.339132222599714,2.2172752570411,"Cat"
"686",5.5134812612302,0.703943322861076,2.17874648330125,"Cookie"
"687",3.30612428159727,0.525180568250457,2.51764095449142,"Cat"
"688",10.8141557970438,0.217313381155288,2.9111449819118,"Cookie"
"689",5.12474401022264,-0.517543317860697,2.48237071973872,"Cat"
"690",2.09140238316068,1.11235901322429,2.41349347418446,"Cookie"
"691",6.63515626309197,0.413547763041728,2.91570689703351,"Cat"
"692",6.24502564516755,0.682862018267373,2.47319037720693,"Cookie"
"693",1.22565173030997,1.22651894457903,2.54741615865866,"Cookie"
"694",0.254554730641793,0.299580526476513,2.39172929784466,"Cat"
"695",1.5795281768667,0.209745451334995,2.8439788641019,"Cat"
"696",2.28691019856091,1.11706205813739,2.26386996081893,"Cookie"
"697",12.6753245819734,0.151309600805846,2.63445774931967,"Cookie"
"698",13.4916686876633,-0.112519837740757,2.62650982476146,"Cookie"
"699",2.30330387607093,0.412450052604286,2.70106577751509,"Cat"
"700",7.93783774399561,0.440535400770954,2.45005302046883,"Cookie"
"701",4.62820320812014,0.0919551449000224,2.75163917076278,"Cat"
"702",8.58447463027366,0.0804270414741977,2.61399031338013,"Cat"
"703",-4.17628988704234,0.20655138481368,2.59314322203976,"Cat"
"704",10.7868733369219,0.586095183796258,2.13506313641876,"Cookie"
"705",2.54790863459699,0.359929452360132,2.73331034295071,"Cat"
"706",-0.208483564291315,0.449517982779449,2.5699869361883,"Cat"
"707",4.4502822228252,0.542668439521341,2.63761260421677,"Cat"
"708",3.43873571689679,1.25836757534453,3.06873612359129,"Cookie"
"709",1.59503657851104,-0.788745888579285,2.34185630855707,"Cat"
"710",3.6975441765709,1.40644854898887,2.9038731927681,"Cookie"
"711",3.90249031349768,0.0226850693835053,2.61726612668788,"Cat"
"712",5.64473634641469,-0.322495612149314,2.62381613085482,"Cat"
"713",0.384873397670451,0.593042140926621,2.88052645592833,"Cat"
"714",4.333439087213,0.761212717216581,2.77099651616107,"Cookie"
"715",6.62382100802298,0.497364556827432,2.39904081614101,"Cookie"
"716",3.84510749387011,0.914579359104013,2.13249988956172,"Cookie"
"717",4.59423073299357,0.407367158737182,2.3410488125712,"Cat"
"718",2.87322448795019,0.0580944137987878,1.95753824587232,"Cat"
"719",8.3044964312245,0.162561553479222,2.44003536237353,"Cookie"
"720",6.15583498428224,1.25848466023077,2.35089351283993,"Cookie"
"721",3.0890749734306,0.13187817872579,2.74258063536831,"Cat"
"722",2.29251988261398,-0.211127848222926,2.81279442190155,"Cat"
"723",5.85021896815233,2.34702668346574,2.69825422646143,"Cookie"
"724",6.85248099764352,0.710109912151287,2.66111482187362,"Cookie"
"725",6.22636665244899,1.51306011146271,2.21143740314152,"Cookie"
"726",1.2412779397776,-0.131502886404143,2.50914850488601,"Cat"
"727",2.4747522365788,0.161926797520489,2.51741947255405,"Cat"
"728",0.576729558784327,0.0020278000889013,2.23246762856602,"Cat"
"729",0.0183452443207432,0.270278495050173,2.33809996030346,"Cat"
"730",7.0505541237257,0.368133261544129,2.21244696835011,"Cookie"
"731",1.66989742905126,0.297938667740427,2.77298876452473,"Cat"
"732",1.73648451554925,0.692130300406393,2.75783086750814,"Cat"
"733",1.75670063448229,-0.963189040083399,2.44141006031327,"Cat"
"734",3.27637673877439,0.627488033524284,3.20596302304463,"Cat"
"735",2.93284572353918,-0.677949772690194,2.29973382673757,"Cat"
"736",0.467702594596361,-0.270623240832587,2.43002421789751,"Cat"
"737",3.37769934862436,0.871231835236185,2.91860280069556,"Cat"
"738",6.79007733572626,1.50709627307716,2.59950893871319,"Cookie"
"739",5.7903703921427,0.927966790331354,2.80552668972262,"Cookie"
"740",9.48418720593416,0.525712176328866,2.59626838882178,"Cookie"
"741",2.06748324593125,0.385504768687629,2.14213967438254,"Cat"
"742",2.33610570768461,0.839858084167856,2.55730595830707,"Cat"
"743",3.88532388530735,-0.137008161920896,1.88829874885929,"Cat"
"744",6.49009386834259,1.48150858462922,2.65713273123499,"Cookie"
"745",5.480430078878,1.43482045599204,2.68870691753946,"Cookie"
"746",4.4979515413283,1.70411013498973,2.75930700545278,"Cookie"
"747",3.03696802969236,-0.297064398478512,2.88983880895566,"Cat"
"748",2.25223230949649,0.958540406916505,2.31469003949069,"Cookie"
"749",5.3802765325582,1.10647885618646,2.53971179679902,"Cookie"
"750",2.87489119880264,0.967277519124824,2.70194354117781,"Cookie"
"751",3.72630581952592,-1.71304943676414,2.31022019837686,"Cat"
"752",5.14101592634959,-0.108919486394186,2.3402197276211,"Cat"
"753",1.15190350284093,-0.584051879199942,2.55163057900046,"Cat"
"754",-1.01102485018314,0.0161517681637386,2.47429971749679,"Cat"
"755",-2.24097038343649,0.338738852532111,2.15033903782285,"Cat"
"756",1.77531021436318,0.67872592365857,2.61532480049866,"Cat"
"757",7.72892565689313,0.767180257081913,2.44420558609317,"Cookie"
"758",-2.75661946803274,0.45696219052102,2.56699200719035,"Cat"
"759",4.71646042334606,0.206546182954508,2.31276963105114,"Cat"
"760",1.69508142863916,-0.180519328809619,1.98680013176571,"Cat"
"761",7.13656341339389,1.45992192654606,2.57499807867333,"Cookie"
"762",0.677685596507771,0.81506113197743,2.59155287110422,"Cat"
"763",2.57895583530837,0.014046546786059,2.48765094012129,"Cat"
"764",4.33075534102672,0.147646878579267,2.50292432141486,"Cat"
"765",1.35788296547093,-0.286347897700542,2.35797950780783,"Cat"
"766",6.94437184755695,0.00261208593290452,2.64382731377352,"Cat"
"767",7.54154474912115,0.630025694989641,2.50396850794969,"Cookie"
"768",1.49172846832035,-0.658913908172237,2.70155495497947,"Cat"
"769",-0.751778232840016,0.446132860935536,2.36426599764824,"Cat"
"770",5.69830581775667,-0.174577715826662,2.51109865050331,"Cat"
"771",2.7169008966451,1.28538891700575,2.60670527689656,"Cookie"
"772",1.32332063200207,1.98323494277772,2.64596881002192,"Cookie"
"773",4.41290566178313,0.976769079412186,3.00430011728623,"Cookie"
"774",1.09464929707517,0.471008136465128,2.39312736086543,"Cat"
"775",5.54007088873421,-0.191374559544208,2.53306271402717,"Cat"
"776",3.75462697957384,0.8108912605671,2.44738828644746,"Cookie"
"777",5.74773195594799,1.33860770480409,2.82964578737001,"Cookie"
"778",0.747013176906601,-0.154173756130329,2.98400892485181,"Cat"
"779",-0.925759339070216,1.80866998578742,2.33029403826361,"Cookie"
"780",2.49725429116215,1.26556536330618,2.34576770265798,"Cookie"
"781",3.56894163496706,0.318163949340715,2.29144056481403,"Cat"
"782",3.50603246654473,-0.216084944929638,3.00052460450004,"Cat"
"783",4.45779815674094,-0.557098812666327,2.98553730242366,"Cat"
"784",3.28340238508019,1.33463873128724,2.28016018256183,"Cookie"
"785",8.05241368315869,0.328313235075124,2.56403612417072,"Cookie"
"786",4.51557948862122,0.529233239876019,1.88156803221205,"Cookie"
"787",3.66313013052762,0.873217058634593,2.66557145483483,"Cookie"
"788",-0.941318892912411,0.419381962954984,2.71416092160788,"Cat"
"789",7.73512378429213,-0.173351281538945,2.4224745589574,"Cat"
"790",4.68204416258169,2.13428759608277,2.93428731210843,"Cookie"
"791",2.2977365268043,0.00902989548012839,2.40712040584994,"Cat"
"792",5.40653678008373,2.81078861151033,2.46062232807777,"Cookie"
"793",5.03999832874556,0.694733000087227,2.33391715232508,"Cookie"
"794",4.44869186303302,0.272957647089163,2.56198064151416,"Cat"
"795",6.59253122203907,-0.103498583966416,2.48172721299832,"Cat"
"796",1.90273037795987,0.486041151113301,2.45958564671109,"Cat"
"797",1.29956644779578,1.86081646163871,2.51773635809976,"Cookie"
"798",5.23550683563514,-0.248155994312466,2.62418060452035,"Cat"
"799",0.571163416238204,0.804127878112556,2.73567655707049,"Cat"
"800",6.56412530498667,0.750624088210256,2.42226087441456,"Cookie"
"801",5.97447335022519,0.859708569997557,2.22138500249083,"Cookie"
"802",0.785159268232591,0.422276944272228,2.98871160230122,"Cat"
"803",4.53020555611136,-0.00811847153711842,2.37188465034725,"Cat"
"804",3.09789038792158,0.683340394288088,2.93927231046642,"Cat"
"805",0.413878079429852,0.214360886514616,2.58379895096345,"Cat"
"806",-0.429963356050306,-1.72147349190269,2.80036420677069,"Cat"
"807",2.02903674925871,-1.29824330975042,2.49117691796581,"Cat"
"808",3.43390673595491,-0.258431062656344,2.05090181184538,"Cat"
"809",-1.56970858655991,0.362744771822589,1.53964518865899,"Cat"
"810",5.92818321768159,1.46762830158887,2.33548572061312,"Cookie"
"811",0.749965988848058,-0.223995689489443,2.56369020314475,"Cat"
"812",3.70645059009735,0.508610690048779,2.33610574307637,"Cat"
"813",8.68056360740587,1.70873976414311,2.42880525601099,"Cookie"
"814",0.435798466432261,1.70257000917341,2.56847193848971,"Cookie"
"815",2.06040252427701,-0.551717839702723,2.85437138084144,"Cat"
"816",7.26280648169552,0.469981758558879,3.18694338993194,"Cat"
"817",6.40101222991719,-2.37361360626493,2.35907124738916,"Cat"
"818",1.27455358044995,0.032262194631912,2.83736769738111,"Cat"
"819",5.51410744854752,0.928363494044684,2.63157996173459,"Cookie"
"820",1.83943600180227,1.41544524522095,2.49435322838339,"Cookie"
"821",1.98796138564873,1.61778184877779,2.38859981253722,"Cookie"
"822",-0.189953216508391,-0.210926522640091,2.52210293977217,"Cat"
"823",6.76126875645204,0.786258281433427,2.02300377560813,"Cookie"
"824",0.0117929701987465,0.28915397492771,2.29835288188773,"Cat"
"825",6.61750844314431,0.584520766115248,2.69240547302024,"Cookie"
"826",4.52030215711984,0.273739367680167,2.49209654330918,"Cat"
"827",7.40999839773503,0.29064773182796,2.32964258089801,"Cookie"
"828",3.24081671520974,0.0627580710275245,2.94387158077718,"Cat"
"829",2.53637876674548,0.0969768105359176,2.56014895537872,"Cat"
"830",2.26010685641055,1.2629318107623,2.4993616716022,"Cookie"
"831",2.30418009531462,1.52539569213676,2.51833932537816,"Cookie"
"832",5.73986611983633,0.11467259282925,2.43928473745872,"Cat"
"833",0.564374528940709,-0.119756769420459,2.04693542400023,"Cat"
"834",4.62710757240351,-0.130175084807991,2.98066933042329,"Cat"
"835",0.487220990378832,0.18142869684327,2.40041642655606,"Cat"
"836",4.19608855019353,0.00309257680818098,2.92943735823929,"Cat"
"837",7.78546110460711,-0.932417578637363,2.81270441583911,"Cat"
"838",5.48588467411736,0.336503804978334,2.1595220697041,"Cookie"
"839",5.68756389805128,1.25540625896827,2.3615484431063,"Cookie"
"840",4.26005488933708,0.730744591791177,2.78813062139715,"Cat"
"841",4.82103745205071,-0.104373257799624,2.7243483219408,"Cat"
"842",7.04245960260611,0.275256028507799,2.49559186331007,"Cookie"
"843",3.06704160927996,-1.05848779195707,2.42564655953225,"Cat"
"844",6.87111435486288,0.820309991948517,2.7734104399048,"Cookie"
"845",4.99074433780747,0.395950149707485,2.62961917192375,"Cat"
"846",1.62641559738896,0.40445529788665,2.69495887159809,"Cat"
"847",4.56710271446055,0.843172422982776,2.32941609809436,"Cookie"
"848",5.37692802982105,-1.45138599130444,2.69883617270642,"Cat"
"849",2.16591404127861,-0.610477241307734,2.44985932473353,"Cat"
"850",2.95599162606432,1.29357836104264,2.16440124991681,"Cookie"
"851",7.13398303713939,1.0400028960499,2.04979377745575,"Cookie"
"852",1.79642170429541,1.25932275308859,2.44392118886232,"Cookie"
"853",0.234950862878928,0.337774352501767,3.2716007524249,"Cat"
"854",13.8089410371923,-0.185841426411218,2.82493513802532,"Cookie"
"855",7.84039387345375,0.838676373769712,2.70420236678924,"Cookie"
"856",2.44396829336658,-0.776645298325728,2.40282688226426,"Cat"
"857",1.34923215287877,0.140457058340745,1.99611135996617,"Cat"
"858",2.22571826405374,0.13498275670795,2.82522701807495,"Cat"
"859",3.73626039643417,1.17900316043084,2.66854424730109,"Cookie"
"860",6.61249325619982,1.31780425164701,2.24534878659964,"Cookie"
"861",3.11154333752285,0.138313212254673,2.04820846756293,"Cat"
"862",11.6986228660733,1.48788364121915,2.23898313426414,"Cookie"
"863",5.65276378786828,0.223739051272775,2.74439357601719,"Cat"
"864",10.4332631575265,0.537365539844818,2.64301595508149,"Cookie"
"865",3.95073024767183,0.29769448650774,2.21504858072047,"Cat"
"866",1.32373057257165,0.862637684749963,2.41709980091682,"Cat"
"867",-0.826133155328227,1.4955501387825,2.58873947025767,"Cookie"
"868",6.35999680051656,-0.0128340576582255,2.09951620118615,"Cat"
"869",3.32141260939237,-0.507748956553995,2.07493583903387,"Cat"
"870",4.67804514607471,-0.206878337934556,2.24499594105453,"Cat"
"871",1.16944198847782,-0.71403288563341,2.0543601843883,"Cat"
"872",-0.582610270585061,0.377994632903232,2.24638109296957,"Cat"
"873",3.1882415756918,0.17903846955046,2.31877167110771,"Cat"
"874",4.20339208885974,-0.567797318211639,2.47494878099125,"Cat"
"875",8.67856679132655,-0.0494190376174362,2.94064446915454,"Cat"
"876",1.92384960418022,1.15755712147969,2.69347082825569,"Cookie"
"877",0.573574609703548,-1.01551488178509,2.59699786260598,"Cat"
"878",8.45801622575384,1.79065954896841,2.27790072240319,"Cookie"
"879",3.66102227920053,1.39279440460765,2.63078216036441,"Cookie"
"880",2.20542913442691,1.19052331470815,3.09017873618218,"Cookie"
"881",3.13165942175917,0.473966177200301,2.59061122631458,"Cat"
"882",6.24228026518201,0.848266905977607,2.79356322953832,"Cookie"
"883",2.10083432809937,1.20292082810855,2.63658307669593,"Cookie"
"884",2.41796527073881,0.622814798957791,1.89511599400587,"Cookie"
"885",6.54310182400037,0.0955813856669817,2.59715865057749,"Cat"
"886",0.872457022962415,0.739342429948535,2.2846712588445,"Cat"
"887",2.81876209760732,0.877646775865178,2.70242721422065,"Cookie"
"888",0.475787375391966,0.661098944944011,3.08275248343843,"Cat"
"889",4.26070609610535,-0.511864925800702,2.46403154541048,"Cat"
"890",3.04572844626585,-0.280388263069129,2.74004453546294,"Cat"
"891",4.21879678988835,2.33615630004409,2.58142612350897,"Cookie"
"892",6.35236328064338,0.350078057256422,2.4020063641594,"Cookie"
"893",3.87252187907078,0.377652504908441,2.62226291512188,"Cat"
"894",-0.999643074486506,-0.0523199159136215,2.50668978568136,"Cat"
"895",7.88420225932002,0.580853857509233,2.34514026048755,"Cookie"
"896",8.46946630529565,0.694235089060811,2.30652185254728,"Cookie"
"897",-2.26275244523466,1.00440230135847,2.67370809212798,"Cat"
"898",5.51373515662661,0.48188697604388,2.32022818327132,"Cookie"
"899",5.09091466076737,0.384382683619398,2.36606488698792,"Cat"
"900",3.86303925614667,-0.205607846888959,2.19799599757059,"Cat"
"901",4.76970964588259,-0.0513610365589282,2.39717391165386,"Cat"
"902",5.06870698748515,0.286926747984624,2.26362662972233,"Cat"
"903",4.71615944565889,0.133763111849012,2.76410432422082,"Cat"
"904",1.12902859480473,0.456672601518769,2.6555394914756,"Cat"
"905",6.6117106316191,-0.672053347916632,2.54016174273217,"Cat"
"906",1.36126179244076,-1.2640395153772,2.16810906103856,"Cat"
"907",2.92597156940738,0.925838722934504,2.48763230750495,"Cookie"
"908",5.59686927065682,0.249413328097934,2.21751966027436,"Cat"
"909",3.67570784285133,-0.37332819244612,2.26193196844349,"Cat"
"910",1.71660906458031,1.53401702017488,2.52755315350594,"Cookie"
"911",10.842041208169,-0.0663028958128619,2.64458567821721,"Cookie"
"912",3.26434138135196,0.790778406180789,2.52595961327821,"Cookie"
"913",1.75306039774634,-0.320007444809721,2.04528038360228,"Cat"
"914",4.45078514415913,0.45788057555484,2.57388124067991,"Cat"
"915",2.30508421771844,0.481310532382458,2.31833166084476,"Cat"
"916",-1.56721834449736,1.56481703842277,2.84321414334235,"Cookie"
"917",7.16813457710777,0.306357876498613,2.95721775199856,"Cat"
"918",3.42959702784736,0.0706376832122494,2.75586697985932,"Cat"
"919",5.98423208699055,0.867354415013512,2.65221502428827,"Cookie"
"920",5.89245112358236,-0.132049575652551,2.4436838815102,"Cat"
"921",3.81735748188688,0.0399046160921864,2.981949138988,"Cat"
"922",2.5732345483884,1.60027698869257,2.50654861950937,"Cookie"
"923",2.60414599124545,1.09567945041303,2.63786470011641,"Cookie"
"924",7.76073134420029,-0.187195163117001,2.57979180497751,"Cat"
"925",7.75760899659445,1.23882137867577,2.68496425020413,"Cookie"
"926",2.17449181889137,0.292881827024791,2.36944711948898,"Cat"
"927",6.21129598511802,1.68434596003837,2.56319499428593,"Cookie"
"928",4.48221831917683,0.0230125766916036,2.84818909515709,"Cat"
"929",0.637606879670403,0.503089697273233,2.63231716144438,"Cat"
"930",2.68310367385797,1.32053114409631,2.88230390368907,"Cookie"
"931",3.61791541289096,1.0226054563009,2.46639612516998,"Cookie"
"932",4.25232137539528,0.0515493103460576,2.28410995228446,"Cat"
"933",2.70310972224107,2.02201413153909,1.94752212026782,"Cookie"
"934",0.917739619546774,-0.482688793288525,2.43734594668239,"Cat"
"935",6.74274523593214,-1.30574550674791,2.72720915046723,"Cat"
"936",4.14634084427845,1.39441084789095,2.50836805649759,"Cookie"
"937",7.23558320738352,1.77728185507497,2.34957461812235,"Cookie"
"938",4.5224432215129,0.784843475695949,2.5154039140615,"Cookie"
"939",5.61235656626753,-0.440794062126757,2.09422326122308,"Cat"
"940",3.57264113728217,0.071340075991313,2.38793779865211,"Cat"
"941",3.89427324263734,0.942814393560774,2.42000898383464,"Cookie"
"942",0.230351785612302,-1.10545975960905,2.74913168641624,"Cat"
"943",-0.208133545209903,0.710717358147119,2.63686562126429,"Cat"
"944",4.44368496778521,0.141535362156449,2.67341628328818,"Cat"
"945",1.70289994372608,0.571545853787812,2.26922830685472,"Cat"
"946",0.975290488838983,0.38038166522037,2.73245445264445,"Cat"
"947",7.21666502046864,0.494836542273901,2.18941468459203,"Cookie"
"948",3.26988001253961,0.17743340636859,2.33270500663793,"Cat"
"949",-2.03871145250189,0.129903312734242,2.56303816764866,"Cat"
"950",2.14766010865267,0.929966416740713,2.642282281426,"Cookie"
"951",-0.547187311538288,-0.414288267798776,2.43764893523953,"Cat"
"952",6.15504350483622,-0.309703718454266,2.31389408180964,"Cat"
"953",8.42480800521146,0.734805714043671,2.4724183938813,"Cookie"
"954",3.62675339492305,0.148138998064735,2.1007730909429,"Cat"
"955",9.01919230664705,0.856408709983643,2.71955370173337,"Cookie"
"956",3.24583369885429,-0.232149790890955,2.82696952054807,"Cat"
"957",7.69934624624139,0.665982275438442,2.62411608253954,"Cookie"
"958",5.21063591845676,-0.358315906090265,2.69711651271098,"Cat"
"959",6.1712175772034,0.425428144738493,2.35546480546958,"Cookie"
"960",5.93423938862403,0.443207124849228,2.67360889243853,"Cat"
"961",0.191731944959806,0.0608819112768552,2.34316093240752,"Cat"
"962",7.44018642751088,0.296396291304873,2.43481983730092,"Cookie"
"963",3.37432408537945,0.863524168703785,2.43426014205658,"Cookie"
"964",7.18802468843961,1.01236639924525,2.62986428918563,"Cookie"
"965",6.93199833549752,-1.03957673030958,2.51918395840227,"Cat"
"966",5.33347402436073,0.271907794699481,2.05195216700301,"Cookie"
"967",3.69931077662212,1.04819632255245,2.49024688960521,"Cookie"
"968",3.76447945158838,0.351970999789097,2.25912804699197,"Cat"
"969",-1.18005778229379,1.00308324248316,2.21997270836512,"Cat"
"970",5.22012761960178,2.31397609193861,2.25772623362622,"Cookie"
"971",3.14497871018961,0.527143111034767,2.80910759221642,"Cat"
"972",6.31336784023936,-0.375642818028852,2.5878282879504,"Cat"
"973",2.54090124463386,1.58320943530703,2.33155222991792,"Cookie"
"974",4.46378927754562,0.805219640954151,2.35163851342157,"Cookie"
"975",-1.14979263175334,0.449454352690303,2.28838154183576,"Cat"
"976",6.0014825373213,-1.02405552278113,2.28662992167448,"Cat"
"977",2.99325601267228,-0.0781623981121979,2.1545258296267,"Cat"
"978",5.27146242895314,0.372643883101573,2.64354881106564,"Cat"
"979",3.57136082323066,1.34202824365654,2.58508231301794,"Cookie"
"980",7.77321909042069,-0.739322747343944,2.8087293983616,"Cat"
"981",-2.10553560885596,-0.638307788786763,2.47690310282667,"Cat"
"982",2.20069268159253,-0.909127145100955,2.58184742253806,"Cat"
"983",6.77574749515525,0.769119980300629,2.52440722317094,"Cookie"
"984",3.94703805814108,0.000469956933822568,2.10999135306884,"Cat"
"985",4.67311503887409,0.486391675032938,2.52271832248299,"Cat"
"986",1.39557350585833,1.02747484412831,2.30739154649953,"Cookie"
"987",5.7731411825012,-0.0560146690194215,2.54959368347694,"Cat"
"988",12.9194015307239,1.0348310868035,2.47270190034961,"Cookie"
"989",5.93533364713097,0.293463814297729,2.5996511282716,"Cat"
"990",1.83905258313302,2.02837224847959,2.38350307640162,"Cookie"
"991",1.49776576421177,-0.691602973459504,2.35741056834643,"Cat"
"992",0.129380939189995,1.05473656913493,2.513284955385,"Cat"
"993",6.11034255182389,1.1712371274505,2.74050072411097,"Cookie"
"994",0.650032548051118,0.836375317699382,2.48188869905178,"Cat"
"995",1.49167958200929,0.844368832348392,2.739923217918,"Cat"
"996",3.82218328164542,1.7049688959023,2.03851643446554,"Cookie"
"997",1.52888525524988,0.0716984542252152,2.41814830244103,"Cat"
"998",5.68449641805365,0.999095700188407,2.39887988181565,"Cookie"
"999",9.14684902293956,0.196384924614517,2.41694143019757,"Cookie"
"1000",6.82649219303987,-0.411176710181111,2.4471824025584,"Cat"
