"","featureA","featureB","featureC","value"
"1",4.08765582642407,0.90234804275446,2.21336709933321,1.72979066469575
"2",4.15948219233165,2.0894675368151,2.2837934319745,6.37879885743633
"3",2.7312976869907,0.228127490454752,2.68078748794769,-2.69736829083434
"4",6.66880791026172,-0.0231933070939486,2.59482865009307,-1.38321660909662
"5",-0.382043305124375,0.483463989977407,2.594581344016,-3.06176062492102
"6",-0.966573061741276,0.930060516142814,2.67781568819805,-1.55298231060981
"7",1.70961889855712,0.562514641978769,2.30112187112043,-0.961788105519751
"8",4.02019299490532,0.239494470556221,2.52099152460072,-1.5988334281896
"9",8.70133411145255,2.40477782549529,2.71040767638066,9.02922160021377
"10",2.90903581258622,-1.26311225029446,2.22355331389383,-7.49336013620142
"11",1.30979042910302,0.00191181927378259,2.39775182764655,-3.6299577182795
"12",6.02999543162296,-0.034709821102282,2.68132147709481,-2.00201782611567
"13",3.41508256472246,-0.187573397075039,2.34688778582929,-3.22912918135558
"14",4.45398501494368,-0.555643498278008,2.55074192045357,-4.62128595835055
"15",5.59431391638671,1.52994162309698,2.82676604683514,3.72907415659736
"16",5.36745105774426,0.290829561592072,2.8878702959042,-1.41751234270764
"17",4.31300360632024,0.466013873913547,2.51672220718893,-0.460158665275195
"18",-1.04637606710636,0.414987082099569,2.37157698621051,-3.17715277804596
"19",4.49617892821563,0.731075961026005,2.2312594200657,1.21081998762131
"20",0.948390101387766,1.04481206945014,2.38659308551486,0.420469901171622
"21",1.86857380032846,0.98686341389314,2.42047321163779,0.566256826200046
"22",0.518313999565422,0.617191572204834,2.51849546992481,-1.872621688803
"23",6.91434256393314,0.474132839991796,2.88258672504002,0.134756591540903
"24",1.55245446651685,0.59919589229073,2.64449794376954,-1.53765401186248
"25",6.41579236675168,1.73834851783937,1.9206061369966,6.77063338932678
"26",3.58314155263862,1.41844657521092,3.0200111991607,1.85106566444629
"27",5.42736048733486,0.884379273065373,2.84537007350433,1.05544942935864
"28",7.39199001945946,0.853595025032998,2.57325297082801,2.46622604214024
"29",8.48874526857848,0.723785271340302,2.84431325381748,1.95533557120818
"30",6.04955676992796,0.792939280972457,2.16716339656092,2.36084068771229
"31",11.192989251587,1.26917037575794,2.40907851323808,6.40794739650839
"32",6.69523122874793,0.365978993126164,2.86600008151481,-0.49946919706076
"33",5.19636179038765,1.06490893251949,2.70031572044212,1.88419186815029
"34",4.21049385640975,-0.300940604868298,2.34615597572023,-3.34435469374938
"35",2.82277507701484,1.26961272323386,2.28526057581516,2.44196952975452
"36",3.58818226047371,0.434091527509051,2.76228534644463,-1.4839482796333
"37",3.00281201049506,-0.659675699003994,2.83589517656838,-6.35420207684859
"38",0.904271291208326,0.380379999561162,2.40125117320864,-2.37027461415834
"39",4.60440140553035,-0.339706312596753,2.48633862347785,-3.63358817715809
"40",8.70019497255463,0.75979285915682,2.23068215372566,3.3962681226749
"41",3.29376202845864,-0.141714448870763,2.38564230811988,-3.21026835967393
"42",8.45555743761862,0.779002038742877,2.30178398870823,3.15639352138312
"43",9.62014170484729,1.51662677392414,2.35309943116443,6.59676360990011
"44",8.0104838013713,0.36435084064229,2.28379743959312,1.38726311494434
"45",6.74135874817168,1.20860200365543,2.58678096013892,3.58746953720185
"46",6.84267908034175,1.49388716677382,2.19369726598745,5.4116976315324
"47",8.48593474131415,1.20989208520059,2.58502577932705,4.40004402209231
"48",7.76553414690995,-0.0293048884073936,2.60239934566365,-0.899356886496199
"49",3.13421475472808,1.19534230107146,2.0370295060093,2.70593183425801
"50",2.76626738656966,-0.14927749509443,2.39862831896364,-3.50435435398411
"51",7.10829827429122,-0.0862846071079095,2.26414060324453,-0.730437750992885
"52",4.91295975982521,1.11416844769139,2.64365918563219,2.10496441518056
"53",6.64657938650866,1.59274388414791,2.43060035713204,5.29883711744942
"54",3.82409212170937,1.27892464052179,2.35352080359028,2.79552237841536
"55",-1.29749449228614,0.932628639271791,2.78512342067957,-1.99433722383349
"56",3.97271518843276,0.178984909064434,2.16464177488771,-1.10054246135109
"57",3.86188099242409,1.83693007377233,2.89333986456631,3.95094006375046
"58",-1.34438730609914,-0.132875653800433,2.4324457060639,-5.63829905780518
"59",4.34442211266896,0.696848779695333,2.68818626805392,0.0804620387840706
"60",9.2049075194301,0.2230652299557,2.52227446372689,0.912788271645527
"61",7.16731250616516,-0.0538925804615535,2.90331956103833,-1.96499381242262
"62",-1.68469369728657,1.00615663178879,2.2636756756037,-0.858933363069303
"63",4.63218208961839,0.771329427255843,2.41681720223342,1.08628027556377
"64",3.3101106167352,0.738618475992221,2.59689059541062,-0.0266755632867595
"65",2.50762369616646,0.0949284003025819,2.20054341971465,-2.2276249061883
"66",1.52435289690792,-0.844749486522584,2.43581290815583,-7.04275263512525
"67",7.46438595873732,1.18768581752791,2.29683631173323,4.28850801699119
"68",6.78225959274338,0.964553238726502,2.50531775704926,2.73953634437327
"69",5.10114904214218,1.48227584835445,2.6416022667541,3.7652360072026
"70",7.25081225937112,2.31361451882917,2.13769348930406,9.07358266534468
"71",8.95527345696957,0.0403827481689774,2.50411907610502,0.0886300211688576
"72",1.37940109706057,-0.706615415370608,2.64888311797963,-7.03076747661597
"73",6.6595596753794,-1.40851339961004,2.02200808507085,-5.87651133571929
"74",3.48139149716357,-1.2656643348646,2.37493085737053,-7.48500917394696
"75",9.06323313130883,-0.154587889060583,2.33417040468673,-0.245713082188541
"76",2.82471712946468,0.658034441965472,2.16262708247134,0.229436722508071
"77",1.20776426888769,1.50649915290211,2.65049121318468,1.83797514872364
"78",4.22146853298888,0.404984027299119,2.75992320259773,-1.3438574035471
"79",4.78019987282223,0.66795386566299,2.37005077588097,0.888916579805054
"80",5.4036416100239,0.257801557719191,2.89365414962197,-1.52101704195337
"81",8.9840993720274,0.683340629452964,2.84864913931987,2.0233684722596
"82",2.68417397488646,0.435589163093334,2.81623153414938,-2.06700620334912
"83",4.73987023479133,0.18009157756048,2.49305152149252,-1.3609321310607
"84",5.88189031815,0.576548856614257,2.5090313728491,0.705803283438846
"85",4.47825527844233,-0.679837789469905,2.59752321824392,-5.1542205513119
"86",2.41298620661541,1.52063402433877,2.77766470418581,2.22805386379252
"87",10.598254111934,-0.259575548523617,2.16766034860449,0.365308907900446
"88",2.09046394321686,1.14245350994356,2.36070012330752,1.40053754544568
"89",11.0528499553351,0.600867090815249,2.44204825853624,3.5964236064653
"90",1.11357579026633,1.49602536367906,2.01504231463476,2.90636484067831
"91",-0.682752201786737,1.09558287930174,2.04906124262211,0.39449093300061
"92",6.09986064448208,0.970815291286973,2.16253990506443,3.07883379350871
"93",1.01220290405878,-0.554362487179884,2.49376627722303,-6.24814927729277
"94",0.143870687672699,1.08096255517608,2.41494513239228,0.0398010881014774
"95",2.00074324513071,-0.96118219950713,2.48969003954385,-7.34432129798578
"96",5.22556512747387,1.55941253908356,2.50072677746204,4.36495249422335
"97",2.75395202559431,-0.00662672556302524,2.27380793261472,-2.68021369228349
"98",1.611452160342,0.594787517031762,2.34347677476887,-0.976453039640901
"99",6.12240481651756,1.2799213565887,2.05204694719028,4.59208200207228
"100",1.27755537919835,-0.66542254316232,2.80787427415016,-7.20059155471126
"101",-0.0574037866917454,0.151685607736743,2.672430039868,-4.24031159397573
"102",3.28032348475942,0.942259314013709,2.34165118569782,1.24535500825009
"103",11.5913698040402,0.268784867746975,2.39245195870114,2.5835052509215
"104",0.672755464197815,0.194079938205021,2.31796132966664,-3.01724430326354
"105",-0.616827613311479,0.952231137743467,2.60736621278182,-1.19330715017401
"106",7.6256255844,0.466660092367134,2.19739682710617,1.7150188154593
"107",0.947510813705551,0.61244162236061,2.57889003108029,-1.67446290942986
"108",-1.23878900386657,1.04197471431176,2.14903732337259,-0.316074467722873
"109",7.47549599061057,-0.570774450992785,2.72746547774308,-3.49983213895579
"110",3.07265947493702,-0.796566762397287,2.48643323818294,-6.18178282764076
"111",-0.242249445261456,2.74237287945677,2.57483312846287,6.18549760000793
"112",-0.679352457418315,0.91994133656172,2.45443077971692,-1.06232489678024
"113",3.29479975740022,0.873450489944972,2.79215053248026,0.0703730605296437
"114",5.59815948278881,1.7073374181032,2.53885108377972,5.08265111501956
"115",10.8673337013281,1.51867143711556,2.32837903900343,7.36183674152509
"116",4.97503141841222,0.24762345436226,2.50667180309381,-1.03344934563142
"117",4.1157437348675,0.212339468595614,2.52095493828187,-1.50886159668641
"118",0.795383808581687,1.37723105050861,2.44868560774008,1.40405149539338
"119",2.78740748341343,-0.0474911123907337,2.42263762797972,-3.22234542805955
"120",-0.558077661426659,0.99432093749908,2.48421196732853,-0.769089542982066
"121",6.17830704514649,0.160232007347212,2.40195230560832,-0.619270578621876
"122",4.78490304585211,1.50211678961206,2.48433383424033,4.00754951613226
"123",-1.07937449227155,0.0606661675457174,2.45248561251665,-4.72203978897377
"124",-0.824610952587654,0.25084187672551,2.6662122816805,-4.23872883778815
"125",0.562662290886582,0.633629470402504,2.93534299515046,-2.56852504893906
"126",-0.0697526773973953,1.28504869410427,2.17869929412083,1.2650161782062
"127",5.25679169985057,0.659370009858181,2.4084037707079,0.958829891593312
"128",1.97255447381811,1.35928496892811,2.50665890769119,1.92898852784313
"129",4.67485607765331,1.5683628194311,2.55054003969266,3.96870802274209
"130",5.62969881012637,-0.0951131793382047,2.97465755083184,-3.07901158698556
"131",-2.41679478489076,-0.0399995397973121,2.48607364070064,-5.84139992782526
"132",1.03788769720357,2.03831674782599,2.51881651175853,4.1691352382846
"133",-0.27452671053185,0.180397135361484,2.62071643869898,-4.11339843309337
"134",1.76821205835718,-1.11900849346009,2.58860408194282,-8.27128132243772
"135",4.66688005495783,0.664990797131562,2.61804781463697,0.197719247233179
"136",4.88080556222255,0.54367908027515,2.99052286414181,-0.814318180687126
"137",5.83686265087976,-0.0569013297335583,2.38411462492223,-1.51781091390804
"138",5.97209387126367,2.60117565408921,2.68094002186012,8.65312391932386
"139",3.43777248048167,-0.159430040572378,2.21859556340299,-2.77422897084111
"140",-0.125182756023584,-0.108062038725819,2.39836530444193,-4.69241485945936
"141",2.33876973928066,-0.849925017154504,2.6957665415223,-7.17787534563983
"142",7.5773688759804,1.40293503909945,2.32653198017119,5.26417221465541
"143",4.5053671082222,0.665503973614913,2.11170798504188,1.15102252170453
"144",7.85278094833251,1.04083432081126,2.46606295644919,3.65952144410324
"145",6.00929287215043,1.12975826664844,1.78859287226843,4.43240061066997
"146",4.15169301543211,0.327357691531219,2.87929623501208,-1.76525362457344
"147",3.01449482975871,0.554525190604999,2.2677865028471,-0.337719304012994
"148",4.24375194126861,1.61123686113607,2.30042490306602,4.50621466450586
"149",2.67597379571008,2.08217567714353,2.33442054224608,5.56871394705206
"150",1.56731918642082,1.65797418416038,2.81964105606808,2.28003283796493
"151",1.8086904083322,0.465935021885103,2.58770682328195,-1.89268149026185
"152",2.19730043634153,-0.331778249922984,2.64798395327978,-5.00302201420484
"153",5.12319167742695,0.088508601596266,2.96687227971546,-2.43962444445866
"154",5.99672386521851,-0.104686436581901,2.39753017678675,-1.71939406087931
"155",7.53152580555431,1.22136037487731,2.39915050336469,4.40083342242163
"156",2.16765629900798,2.259170420133,2.70975791175969,5.18582416217854
"157",3.35041576257106,-0.619844828331078,2.5048714511218,-5.25195858860103
"158",1.06478557356873,-0.258239193583315,2.60049994048627,-5.25999678949505
"159",11.8129407678999,-0.328708077836885,2.61994007363939,-0.165922355092147
"160",4.6270912364728,0.0930549174167925,2.49610982031331,-1.87657421626426
"161",0.988765100428539,1.32793290858868,2.88942272459889,0.44236004561956
"162",3.79795360024783,1.75861128546416,2.84995831506461,3.72408847645296
"163",4.25723462145546,-0.392084747700305,2.10279796834239,-3.00393159024833
"164",5.79440283407408,1.80632317351491,2.10533782583148,6.4244181498829
"165",6.58034949202131,0.469615717236968,2.84551354156932,-0.0101557350645008
"166",6.57401185038963,-0.193526456903554,2.57815970051895,-2.12443372666318
"167",2.85519750499127,1.03973165015788,2.46089594459113,1.11605323006273
"168",5.9647452267728,0.239402366226675,2.39317242306564,-0.290784936073522
"169",4.34593929405951,-1.56539417319857,2.7683377481626,-9.11248979876265
"170",3.73159267613603,0.623417612948324,2.04667743499934,0.843122942041767
"171",8.37442381556121,0.761014366147469,2.41412229815685,2.98969596191918
"172",4.92563196716072,0.74897268338177,2.49174000023792,0.940831050102089
"173",2.58555174142301,-0.169486462592684,2.61087024733461,-4.02478119130037
"174",1.41756885684704,0.655984711876993,2.41636729674261,-1.03435012918074
"175",2.18154863150731,0.187968532234404,3.00740926714756,-3.64260190731143
"176",2.79383783308266,0.151712194627556,2.31283731107537,-2.10168110006944
"177",1.08531644161966,-0.738930508283968,2.49595775580154,-6.89876274921115
"178",1.01275313095855,-1.15906963857835,2.50249101430066,-8.60707969755313
"179",7.21238862648483,-0.910334756556796,2.7349759689206,-4.96662866055581
"180",4.13447342067144,0.091817689620527,2.99498326543199,-3.03362412518562
"181",3.76844222920565,0.881314246675826,2.30855843422136,1.2526361827187
"182",7.04224029455633,0.764692645530829,2.43818257474785,2.19065831620475
"183",8.74775738970559,0.109180658076973,2.23873429862551,0.838401973902256
"184",8.15309545711034,-0.144033874966756,2.05171564257425,-0.102999592560457
"185",6.91853771186098,1.07924068731753,2.10665126399972,4.09035214766012
"186",1.28248897593922,0.435627083295932,2.38586982806003,-1.86687041495756
"187",8.46394376063054,1.04917641013482,2.53562418688157,3.75765863149188
"188",5.02374238404652,0.294765720070076,2.89783538651757,-1.68398272651747
"189",4.12274293816622,1.10811281568578,2.4695051414367,2.01561621753306
"190",2.03912565129708,0.650248028065669,2.399783138418,-0.679432803137326
"191",2.54827044767356,0.37807040871301,2.53450587791238,-1.75723387921843
"192",1.26794685350499,0.127986551199971,2.05377221041918,-2.44008682243562
"193",6.12985476583091,0.489744466648874,2.40783204189902,0.591335301953087
"194",0.906561516003999,1.46711401941746,2.37189219723509,2.2307701624969
"195",11.4152673968159,-0.0295144829802125,2.24159123631303,1.58366533480846
"196",5.19173288737894,0.998802548409893,2.43963491086039,2.16785955043899
"197",-0.473421940957985,0.52759219136946,2.49746658383862,-2.6449980216792
"198",1.38443640636641,-0.735356718915738,2.58581746894847,-6.82877180790976
"199",3.70790399801764,-0.0183227003297621,2.28328780929047,-2.29998409273993
"200",8.13480120481438,1.62290942999273,2.35171949722862,6.37191568180173
"201",9.32156368753726,-0.516087944930529,3.11818201925461,-3.20241679772427
"202",-2.87912695250871,2.36228619427892,2.75943614182011,2.960753812285
"203",5.11663512958421,1.07171492145781,2.42615220307515,2.44307861379501
"204",9.40242448572024,0.684215421248712,2.67018166712676,2.60498297214603
"205",2.08098810757297,0.483766245252965,2.54703128443545,-1.54421220563034
"206",1.08034937349948,0.265819014447829,2.43635028362691,-2.78737867013058
"207",0.683202581439021,-0.407424152407061,3.00981402929603,-6.87448914480108
"208",5.20761538172351,0.513431729589319,2.5229439846612,0.184071150242307
"209",6.03906943071297,0.363989081720821,2.42372371903007,0.0997545317398611
"210",2.12491065508502,-0.388770218689864,2.22298028461341,-4.51882914065079
"211",5.43753378672373,-0.33983268516529,2.58983183729639,-3.30745242828838
"212",7.2219842761772,-0.132933064397757,2.81130566516335,-2.02692457089126
"213",5.55909403006537,0.284204266759216,2.65566860750214,-0.93819984191998
"214",0.233050738103137,0.73220917990964,2.59123136672812,-1.67293912638596
"215",1.89251442858737,0.19228088697273,2.27472039350321,-2.38051443154962
"216",6.06671355275083,-0.468362146486911,2.78802837815986,-3.94421190962476
"217",4.60689992626863,1.3686904539885,2.36124737436934,3.51017160857128
"218",5.53452420526007,0.91733138006579,2.41867209881408,2.06807266913212
"219",6.39842363821931,1.92235499577253,2.24709114428221,6.88771365380657
"220",2.52080623340731,0.419357425757191,2.26759754001168,-1.0848874225078
"221",0.840057836186335,0.176613883365293,2.67516315489364,-3.64876160215398
"222",9.1597729801625,-0.226023513525194,2.74193053299502,-1.2594079382617
"223",6.42175228257887,-0.11300041985974,2.33917026461359,-1.43413847432897
"224",2.65334057318297,0.891973514486713,2.33986260188331,0.815235121040556
"225",3.39170760605554,1.35568010638434,2.579559675839,2.3213245709633
"226",-1.50610878035785,1.34807219590853,2.24318334560495,0.642521924190682
"227",0.851803393120841,0.933115526666361,2.37278743820366,-0.110814528882466
"228",8.69434880120044,0.706235749929066,2.56030081548526,2.59178217187051
"229",-0.137872501383059,0.683649468279224,2.32862992624417,-1.53770145525083
"230",0.41030674229055,0.363788374610169,2.10838029258515,-2.0728744694639
"231",0.0219738723592737,1.6516553148739,2.38267888738033,2.42989378411518
"232",0.914584771112632,-0.180538144741708,2.25004087739427,-4.24961534730735
"233",6.84867033788389,-0.160217917028455,2.45256096706443,-1.57697839205204
"234",5.83879577113076,0.419516449221717,1.93542418867119,1.15824013322897
"235",3.18039216793462,0.877066322481483,2.72226197450376,0.147531926375134
"236",3.065410159523,0.235255679795021,2.40929100371596,-1.86411450182452
"237",10.2892684172992,-0.525291089025103,2.58072227932923,-1.59434130081978
"238",4.02576898950051,-0.946362953236675,2.42036123332603,-6.12116236528363
"239",7.65898517804126,-0.188349341340365,2.40862662856965,-1.24794304839195
"240",2.62733440035219,-1.62136512358452,2.49387722936424,-9.69305147293021
"241",8.90439953283167,0.542444643735052,2.1831388009083,2.70360220033212
"242",5.47190415868737,0.0936983512130632,2.68522905085729,-1.79192682931987
"243",1.88514201518761,1.24678907663011,2.29756935411622,1.86925324760866
"244",3.01221996590485,0.958734674362276,2.59147632468455,0.543000108499443
"245",2.55573165107232,-1.09294943567197,2.84892393929021,-8.30841227331366
"246",3.04427612188486,1.21448822971391,2.29794391101587,2.36943933481964
"247",6.66218890407988,0.347794086147536,2.82885966246125,-0.414224102290599
"248",-0.282023795511325,0.501857007999768,2.30904903621578,-2.33002966460284
"249",3.62906080496025,-0.373908840853998,2.98463237028957,-5.17189836716187
"250",8.40614083979135,0.772159786764217,2.9016694349664,1.96310160808657
"251",11.1233381304766,0.964083853217541,2.56503423664559,4.83178606247724
"252",-0.92376853540112,0.732548822534022,2.60918536313868,-2.21681813398494
"253",0.308340945535791,-0.0258003230706634,2.642497129494,-4.78157981539098
"254",4.88801306119859,0.152703579231303,2.15749407333251,-0.704624369976919
"255",1.99918015120368,-0.346498507884744,2.48631974993687,-4.86980635914939
"256",5.58456983371878,-0.213823639179673,2.43411540832115,-2.38248832212569
"257",5.26847522827121,0.682893900847423,2.55009971453404,0.761436124451812
"258",2.70902874995401,0.399252374575769,2.46225395759622,-1.50411016250585
"259",4.46533939583539,0.457634907162977,2.35220627655868,-0.119256272564379
"260",-1.12393170392568,-0.116540752504978,2.92897461110801,-6.36320408448714
"261",2.73220526207152,0.166966586328709,2.34777797286843,-2.20315390400742
"262",0.0854208027498213,1.45042306079082,2.32493575428423,1.60129170952656
"263",4.35284685939939,-0.270579183049904,2.63574748315742,-3.64786233388744
"264",7.26024976488869,-0.163087632485132,2.32828714126185,-1.22709577046382
"265",4.5582663921076,-0.0218338636421358,2.74643629928714,-2.85489184481113
"266",5.71817182151163,0.162547576673969,2.57442711379328,-1.11418889000969
"267",4.26042396069603,0.689488650219256,2.56036981945695,0.331774573677756
"268",2.57317583708796,1.40126255038208,2.51781736274675,2.32965551700271
"269",3.111461218882,-0.36845859955471,2.22405306133896,-3.8755065324948
"270",4.28696122707174,1.0139812350572,1.91720284249679,2.86966509839327
"271",4.21761817349517,1.61736143198813,2.76408297096264,3.61974340301606
"272",-2.36866357817872,-0.476219493909625,2.61954518913315,-7.88129644713224
"273",4.08334924026027,0.557953674803796,2.68017797423429,-0.595672447554077
"274",3.85752759299166,0.44745023389073,2.01754631204549,0.271241566502596
"275",5.53581536097417,1.20032712075198,2.32961994600226,3.39504189513019
"276",4.80882193095427,0.19689044194887,2.22554319219379,-0.652424072563847
"277",8.67564606862597,0.395339226983528,2.33979649338368,1.63974984427496
"278",3.52595924231168,0.952134883900927,2.76079346547293,0.638064919987342
"279",0.601987206481323,0.0369501513443,1.89068485758364,-2.87509293854613
"280",3.33663829267342,0.453983676752011,2.62084990631377,-1.21176446696314
"281",-0.317119445814399,0.426415585912661,2.46130516362527,-2.85416237362522
"282",-0.509370102148479,0.888320845446495,2.93798297030568,-2.04289363443897
"283",6.09855462380309,1.57138671437355,2.51655348114671,4.80186106750777
"284",7.32238467853668,0.639868747665108,2.62902585045174,1.38318151329732
"285",2.01546119902316,-0.735800854879473,2.65068986711606,-6.73327282590668
"286",3.33984527619041,0.108505004998114,2.3567655132314,-2.10840035416361
"287",0.869063227260436,0.268721361749617,3.01852569295024,-4.08717570754295
"288",-0.0888360658222513,1.32250954932524,2.7210314324448,0.315003406352086
"289",3.20309992600518,-0.481387099638233,2.95264671099746,-5.70067806781866
"290",6.9096085407474,0.00222177941821761,2.57053932983974,-1.16069392996786
"291",3.00399294613695,1.72415118378266,2.78881003813308,3.21014416757466
"292",2.54278519092735,-0.29622579923834,2.32985503957257,-4.10156691853757
"293",4.53203282213053,0.45669556988329,2.25772083326287,0.0612356497084747
"294",7.43966361438259,0.464993898112613,2.22984117381296,1.58221550707918
"295",1.7478687216956,0.13850614837067,2.7230884509061,-3.51721813764136
"296",1.11114027350199,0.121675844628375,2.42916421214934,-3.35860742417857
"297",0.593801119931162,1.3935561326181,2.36457790580565,1.72074554424954
"298",3.84083332513717,1.79212497258133,2.59862567798678,4.3117611061337
"299",9.64617675076793,0.685022157640667,2.51114156219904,3.11754334530914
"300",4.18161985146122,0.782551911311437,2.52094984457911,0.650349984515762
"301",2.89195083189395,1.2107099330502,2.68712494764373,1.40812519121471
"302",2.94986672892732,-0.239798292293531,2.3103977160953,-3.60669207285273
"303",7.34621270025272,-0.556966201485562,2.37514179466544,-2.75983290805845
"304",5.21829010728329,0.815749592267308,2.48079188133915,1.39057700280169
"305",1.39265021209136,-0.0830060560501689,2.35316759274158,-3.9104973213943
"306",2.46565650556725,1.24796187482947,2.167449545947,2.41860612580126
"307",3.81801217520608,-0.449211002410609,2.42671697146411,-4.24439947303796
"308",1.69708935823977,0.198634925332853,3.06472827250927,-3.96845132402892
"309",2.92097824699112,-0.362332159993364,2.27781934036103,-4.0498418544116
"310",2.02076281752625,-0.38210481460753,2.18851762198596,-4.39343122590451
"311",6.79426816641388,0.737489877227415,2.39068201069898,2.06541186161255
"312",4.02571148356901,0.78482195244588,2.63112075666773,0.36992986871471
"313",1.71668552163692,0.375722850356719,2.15421916142722,-1.50713796474502
"314",4.195262453888,-0.948226249092566,2.26730542102516,-5.78314757244592
"315",5.67677193799335,1.69687657257148,2.1222782000471,5.8811309160248
"316",4.7604297704004,0.375366812738206,2.9051929030909,-1.37986703854473
"317",1.32326533812475,0.865388393885819,2.68385473815148,-0.800058585370783
"318",6.53092904801532,0.807963878054401,2.79671995982424,1.36497980104846
"319",2.50887914362861,-0.653523115703447,2.32600535550367,-5.47315836874773
"320",4.93829458402454,1.55491586871115,2.60813102974507,4.01542609447553
"321",6.21276318531493,1.01027253875703,2.40342482501151,2.78943847045751
"322",3.98530796472317,0.227482851874186,2.69920986876352,-1.93773449229068
"323",1.48516763666266,1.50120486803947,2.54433305810303,2.16056609223049
"324",1.38788370879942,0.543498045171604,2.18171939088953,-0.988335297381465
"325",4.29870211876815,0.551934652223844,2.3513962226416,0.20200808592509
"326",-0.759859024371361,0.903824472936508,2.48742753555113,-1.17451305613751
"327",4.21770355495893,-0.597045697903843,3.07700089428408,-5.96136138149642
"328",9.49618602256171,-1.00907075134977,2.08037100385672,-2.88251412710005
"329",4.10992008518179,0.83098415170111,2.46181379587164,0.999856541054792
"330",1.88326460874009,1.37845080621939,2.7733951113597,1.2899340325892
"331",4.99910853783078,0.00929735878298782,2.63618423952067,-2.27413533429646
"332",7.19102514598183,1.42350407112267,3.04580185367098,3.71571037332227
"333",5.4807459805325,0.108897372369322,2.76608100313259,-1.89876252597178
"334",1.46020530625883,1.66993414535721,2.36400001825296,3.16957530195787
"335",6.01037875621861,-0.137532726279065,2.38489756912442,-1.73384024234565
"336",5.42524200381633,0.24394616081656,2.42220582495895,-0.746260080626143
"337",1.97578746720008,-0.165395807042602,2.40585446155687,-4.04479299639501
"338",1.8011473286548,-0.0342835030613079,3.02466904638548,-4.76136860781768
"339",3.08036267918076,0.11545642382258,2.40236308715143,-2.33829025176283
"340",7.07075402449115,1.54995461516488,2.45518895397745,5.27905411646527
"341",0.312137178016517,1.06452066542816,2.34096603616989,0.210717210454173
"342",3.88877112357597,1.85986797322946,2.04991070400104,5.7260631273133
"343",5.69778888946971,0.688019853653131,2.68747596150458,0.780208968457102
"344",6.91920457602577,-1.01857348293594,2.61519309064461,-5.31576318548737
"345",5.75998506364246,0.615790730004483,2.41714953508816,1.03251583608963
"346",6.9391296718944,1.25076897145982,2.91259175129172,3.11275301435584
"347",9.17540268968339,-0.479237061067787,2.65592386682143,-2.18262434643378
"348",2.01775580300782,0.219124652896785,2.50404685817867,-2.68236409487817
"349",6.6720142225817,0.301729936915721,2.79356842477691,-0.511223163021314
"350",3.90333996180994,-0.153264771503205,2.39147291571881,-2.94993602850817
"351",8.76444620167507,1.84313352854211,2.36193154146909,7.49851864912929
"352",7.04470145611646,-1.11042582383134,2.74082042697436,-5.81499552155538
"353",6.89134276278122,1.92555683809734,2.41381934074366,6.74918252213678
"354",6.84771266970393,-0.930961161428259,2.33867836239033,-4.50505440981241
"355",5.89634552261129,-0.275373677420314,2.30741748320607,-2.36119565902018
"356",6.53536362372635,0.414202976557263,2.44712403761685,0.463300672222742
"357",5.68595241307859,-0.648402559592853,2.06238120060419,-3.40636165648891
"358",5.62081735274989,0.626402297841926,2.66051760896244,0.485882833261915
"359",6.55911410056264,1.89266409224118,2.89817497984552,5.58679626001494
"360",-0.663809456506145,1.15914915545021,2.58148009170693,-0.306005436606064
"361",5.67532981133191,1.24942003533625,2.59858889200509,3.05347441198727
"362",1.2401697575659,-0.0327751670850489,2.17898054985452,-3.43239216787793
"363",5.14856973046288,0.561971134549753,2.50697740778089,0.274477613566825
"364",0.490918297723669,0.803813619508504,2.6444149419974,-1.4179971921924
"365",3.7404082547601,1.383408986957,2.46189139781206,2.96901605581002
"366",8.16086832969966,-0.319745542573866,2.93682235309501,-2.54639795899932
"367",2.57872463080869,-0.631936205670978,2.62789297873726,-6.00513004490454
"368",4.7150779923687,1.3411168617152,2.22437387824346,3.78144345005856
"369",1.6896597003916,-0.799390119392344,2.28905848657991,-6.49097880555482
"370",7.13427900044947,-0.737241627401819,2.57859940192108,-3.98975384503776
"371",3.08630133896428,1.61466149122134,2.78657274995459,2.9979856209178
"372",1.41120710894629,0.579253718444724,2.88289644761626,-2.23596713355966
"373",1.63154526771793,0.697829170493597,3.00291373993843,-1.86109211333225
"374",7.36573885919902,-0.694186358956142,2.77115205442965,-4.14779591780725
"375",4.4857520104538,0.458743358117042,2.42572347486384,-0.30989414125127
"376",6.46579859011763,0.459455207807886,1.61169114564446,2.32148341313385
"377",-2.04532687379848,0.57556092330415,1.97091735332427,-2.14269400721695
"378",8.76149734795981,1.29016087206408,2.60961394028402,4.79917206959112
"379",3.5524882767774,1.83940890793295,2.66011655719722,4.24724496577371
"380",2.18957142760895,0.73528043430316,2.5581052404576,-0.528607108546473
"381",1.10216896076077,0.878603339427058,2.75902997688282,-0.982402782174575
"382",3.02227750837708,-0.496293941104399,2.05681011425795,-4.04153479760536
"383",2.01378066264494,-0.173449668893163,2.84490372293071,-4.89186363963419
"384",-0.424794441707612,1.78811604359983,2.36202265487868,2.77016133514505
"385",4.20078788210387,0.5542701846819,2.68023131032307,-0.483182413849481
"386",6.53472650248841,2.09800241597277,3.11922307764135,5.9983365656792
"387",7.49204125326384,1.40104598826005,2.35317527743879,5.10181295354092
"388",3.68586573304698,-0.302395865370694,2.40996747653573,-3.63356180039347
"389",2.75757457077438,0.606767772040857,3.07736717641139,-1.8271055709166
"390",6.5205442261061,-0.390018637178757,2.39221989834165,-2.47490975606304
"391",3.24586534408361,-0.56193040096311,2.49138484923181,-5.14761493078076
"392",6.61743194101961,0.175897557447,2.23272117401092,0.063218590933323
"393",3.37801446321322,-0.740694134037635,3.06374078557395,-6.86869792180575
"394",3.93850503582609,0.268958164041719,2.54349724004706,-1.58253718585678
"395",4.44926963598787,1.70725697589132,2.40375989405038,4.69754932313306
"396",4.27531843240249,0.887229374186534,2.00719877790476,2.15569768923049
"397",2.67566993401117,-1.40775961014721,2.24913753884547,-8.33713986010674
"398",2.88728559226766,0.310144737129396,2.31415112000375,-1.47425047620274
"399",1.92040231306447,0.360532582134104,2.44781052826715,-2.00961159578562
"400",4.42634002708179,0.857948702763061,2.18052906551656,1.78447023017799
"401",6.11281079179689,1.13561965451481,2.12546154411008,3.81763257213577
"402",7.19389770165903,0.760540033945201,2.6497878902811,1.85571829538709
"403",1.99479436731125,1.07894444216012,2.38023867314072,1.00451395898925
"404",3.49273189402843,0.187744214090653,2.24480913493585,-1.44876001848466
"405",5.51680585834961,0.772051719823347,2.69830475710337,0.976421883306289
"406",1.03915909157746,1.77962195219696,2.9090340038869,2.26862030761745
"407",-3.54349284349504,-0.443235480602447,2.2354502101394,-7.6645306545946
"408",8.06814536745721,-0.087884437000318,2.60331896497415,-1.04429282438394
"409",4.03300172985424,-0.162611294538508,2.87870504759233,-3.86641330277743
"410",6.08014590863567,0.714245007205355,2.45116546988733,1.45678234276969
"411",7.85201440759972,0.710046511282991,2.4111279072275,2.47572102067736
"412",-0.345998293785753,0.60797262430012,2.24080861820616,-1.62879459531288
"413",6.2678231618226,0.297803774285266,2.33201324764179,0.158865068125578
"414",6.521871065826,0.756897183562863,2.84830255485948,1.1673355655613
"415",6.75266799288703,0.28763356946892,2.42693878495985,0.130085782997659
"416",6.24657770017795,1.23149434357695,2.20249227218086,4.04414937346113
"417",1.41870391799698,0.438149554513126,2.21751329246592,-1.45101725265047
"418",-1.32327263242888,0.0563708259131602,2.46263143606478,-4.86552029542368
"419",4.27508003706924,-0.104807058306941,2.52536341300993,-2.81003618229477
"420",5.13779981573608,0.570841356815704,2.41606727642801,0.455755271613752
"421",5.46612743681357,1.72093127832168,2.44487360299506,5.25074056227856
"422",3.26050688547415,0.0334104193326606,2.48795146619792,-2.73356834962008
"423",7.72657084137864,-0.150807161228516,2.46967933674481,-1.19481941069104
"424",-4.03620779524815,0.635704526992162,2.32682192065583,-3.61068629079341
"425",1.08993214513364,1.34556902556776,2.04675921018911,2.41089083141027
"426",3.10167586214127,0.677293202891959,2.54896037911722,-0.315990894265389
"427",0.231058094177087,0.665743979988852,1.84285590938666,-0.371380100556378
"428",2.79398957112682,0.330524240972762,2.71277523464396,-2.1505990009546
"429",8.13076069801385,0.593161162536281,2.52580237831779,1.91070355637356
"430",5.27913021868364,-0.206528881939377,2.02141683016482,-1.77109667158853
"431",5.19319589629692,2.1034568273111,2.37972228007399,6.73952459826906
"432",5.74250615248476,0.278509960176313,2.37938700733605,-0.262170429809213
"433",2.47332522027217,0.644085426372281,2.74885460421929,-1.1595769045062
"434",4.20626259149449,-0.518297836503681,2.66286766909554,-4.81848002841738
"435",0.955046874294965,0.2439102484212,2.74324227880046,-3.50328169820224
"436",3.81388301500866,-0.456390709801845,2.42046619263231,-4.29091195780394
"437",6.11977906376381,1.55945115641696,2.11079505987817,5.59092106375677
"438",2.06982884976534,1.37291970042671,2.53713821590173,1.97540859288423
"439",3.6963890562868,0.583631031662176,2.89434723874044,-1.1461335994637
"440",5.84948448802613,0.376063573296409,2.39820812566001,0.158385470273514
"441",2.08312850866019,2.1124630953065,2.45875271799541,5.03251402787806
"442",2.03437785225462,0.159483825218691,2.69847597581036,-3.22015607806106
"443",4.2919774653312,-0.602934526964015,2.66877934881926,-5.05205914940998
"444",1.08944589696464,-0.221161594596193,2.33970367841096,-4.66528368428819
"445",0.606085645879412,1.83547462791612,2.64364321686981,2.81218944692326
"446",5.04272224626404,0.558545810735804,2.24725813566879,0.737826047501827
"447",3.43544895606372,1.52679195456999,2.26910674552162,3.77248009314511
"448",5.16475871398439,0.367919044991457,2.87383873679715,-1.23946201988448
"449",5.88540639747195,-0.183565562325867,2.12620660403869,-1.52051384107183
"450",4.31462223653934,-0.96421607101981,2.26365887031948,-5.72339088268104
"451",2.46389320414305,-0.350210365868439,2.57531638456928,-4.78546249600517
"452",6.01098784301154,-0.209853637310472,2.947669191445,-3.25738556047474
"453",9.71804961683286,-0.53444886072026,2.46002314295201,-1.65916788923715
"454",3.9881872320819,0.921092109333624,2.70315852833189,0.841088515012392
"455",3.11813774030281,0.165342773323791,2.96339265559398,-3.25726029576624
"456",4.58223952154505,0.386574513390501,2.41837633921328,-0.49544990708959
"457",4.75296746572602,0.60370533272546,2.39817661022348,0.503739236754202
"458",4.88496578120306,0.510614401654767,2.6108517584345,-0.241126806810778
"459",4.42815091599207,1.34984617115346,2.46176312974917,3.14108869578344
"460",2.21297270775516,-0.20193705199174,2.51505772769181,-4.17664870964702
"461",-1.19984631345558,0.508281020025195,2.1934420319503,-2.47456472977645
"462",2.76917488701686,1.20756998879951,2.56884449604349,1.61616704186639
"463",3.91887304963874,-0.721442926567951,2.72860781001232,-5.94350292499645
"464",5.05997950819165,-0.134785125940514,2.38598400059317,-2.28933219570135
"465",3.631346186671,2.6970133439518,3.14373086482975,6.9366778381284
"466",5.09025648273808,-0.427378760556308,2.37725195189297,-3.40998429630027
"467",5.40646998078912,1.12857718533042,2.47767849503255,2.73326867745704
"468",5.88809735627471,-0.322929902020073,2.62334928814115,-3.0186901130066
"469",5.84673563139933,0.949571059081071,2.35933780547121,2.48409889614812
"470",-0.562139550584502,1.06910976758395,2.49146862503891,-0.585502375995325
"471",7.35732349027299,-0.016436869957692,2.28203154681817,-0.496294109965431
"472",7.87389391505588,1.09310432048095,2.40393778989775,4.02982750354779
"473",5.58343612849126,1.51828493737875,2.19833997765231,5.041018305208
"474",2.91036281189719,2.61402579028861,2.25015612395106,7.99672405880272
"475",-1.37207209251798,0.18826319484445,2.495274468654,-4.47509292395209
"476",4.8534525463915,0.700314904164742,2.58267080836319,0.504694627210221
"477",1.989837333241,0.330807930285827,2.14361210650882,-1.5549716992907
"478",2.08897568165865,0.318334875428201,2.3853098591338,-1.96093691293739
"479",9.10015438861483,-1.39708579182255,2.7776165833529,-6.09370903937596
"480",-0.219319255576952,-0.268355510865262,2.18816376284459,-4.96375825609593
"481",9.67113226642932,0.206024530721143,2.20798583704091,1.73494597873508
"482",-0.312789753419523,0.964712777359959,2.27974095321131,-0.327795773709344
"483",1.51760887847585,-0.473514390931565,2.59550988352471,-5.83521093909721
"484",3.8939907587979,-0.0683314455848685,2.36488121669003,-2.62166218258516
"485",1.39421268356629,-0.343774181950368,2.2160179040735,-4.6413189530903
"486",8.32789766580268,1.25005869321393,2.23390248460113,5.13943965542695
"487",7.11906258471579,0.626367544936953,2.38323835131235,1.80045932730979
"488",4.17052960357313,1.16719015728565,2.75107143302247,1.80089160797261
"489",-1.51296747284408,0.387250962468703,2.33347696601846,-3.40089633646099
"490",5.84920277385367,1.55302675146007,2.50859859023709,4.68567641770508
"491",6.32957103345444,0.732378275190138,2.678215361661,1.3491969037947
"492",6.52085881598439,0.643450850722238,2.19411790262133,1.95558359276023
"493",1.85936762321734,0.361420503314606,2.40892798882371,-1.92923416861474
"494",8.70558174740172,0.28956757563647,2.58958622399015,0.7457161267869
"495",-4.21404381015974,0.706198516832223,2.60806601272672,-3.95844755011895
"496",0.332499131722806,1.15277163149012,2.17255623646903,0.804583667963317
"497",1.72460959594753,-1.23623123575724,2.71801384106879,-9.02216764761505
"498",0.786522196769874,1.33148121199538,2.16446422920971,1.94313032153587
"499",8.96583838999845,1.02070126935982,2.55106202338995,3.95813905354853
"500",7.91238424179161,0.914575756921107,2.53515998712843,3.12174503891152
"501",4.11145648374226,0.583174266635789,2.66555957054077,-0.505647569656761
"502",8.3848758404117,0.09589564933075,2.49466045594669,0.243137574615809
"503",10.5426373195715,0.968069446749503,2.75855356816712,4.09750850532924
"504",1.87594768232924,0.136420691946629,2.56630109228395,-3.13084234926998
"505",8.22179890672638,1.42548619461482,2.37884962757978,5.58385856358773
"506",3.70696453833748,0.0956249177255589,2.86095252116862,-2.9712912354655
"507",2.71043194627526,1.54538732765755,2.68044541923123,2.68663636784663
"508",12.3729619292234,0.392717344165242,2.94805616053961,2.34345927956385
"509",8.75270258281503,0.626967731077136,2.29915775215524,2.81239033236058
"510",2.69413003114343,1.0830768212188,2.49481707300246,1.26488036258446
"511",4.18792701843023,0.869701066306012,2.36553056693753,1.26021518601435
"512",6.82149735095932,1.00972025896354,2.77524388170522,2.36552926337012
"513",-1.03423923050011,0.349168120483783,2.29761128021693,-3.21992502378835
"514",1.71470472392537,0.045853986139123,2.44189122683841,-3.37358046428329
"515",4.67450013800942,-0.567565047075752,2.30628325501951,-4.05447696096748
"516",3.07800624485936,-0.559212177780687,2.49099264864604,-5.19927987959375
"517",-0.488454530460947,-0.52932957771383,2.84453735739748,-7.55489950336116
"518",0.38395990528117,0.108714484121644,2.61627916951412,-4.06283655256891
"519",-0.558290673753068,0.13888691658827,2.4673353759899,-4.27072173800668
"520",1.35533658741631,1.04110698305698,2.41917549279684,0.533345986572134
"521",7.00673672455321,0.290994032347156,2.46442339313901,0.259329409480162
"522",5.28678637939151,0.981698919307561,2.53536371571521,2.01467444371935
"523",5.9852990762178,1.39386891177292,2.14806128991036,4.71682000555448
"524",2.13131241725274,0.585547660375136,2.75664064961722,-1.60972209449173
"525",-2.47423042563279,0.377225693381032,2.43874801345693,-4.19835819097655
"526",-1.90007112146423,0.853009088003618,2.43211095702668,-1.9783217129396
"527",-0.648044448300106,0.458426406774436,2.32642797679733,-2.58185388443138
"528",7.98649595726419,0.266389379504124,2.60385017026923,0.326930629085223
"529",4.27897454833851,0.177680079307393,2.16658609287343,-0.935439899555944
"530",-0.0805550321231046,-1.15310871190392,2.42981300551707,-9.03529149909928
"531",4.64680974349137,0.411844305076474,2.55375726444181,-0.614354275521107
"532",0.0827037869733678,-0.0424309539134851,2.47488410345264,-4.44365597739639
"533",3.32798913382934,-0.325824621508427,2.62908807285184,-4.41668394299645
"534",-0.885159374953782,1.39351166260123,2.46747618910382,0.726180239811018
"535",-1.13332632099498,-0.911448227163119,2.69883927223515,-9.11031363859532
"536",2.08861517974101,0.28798346838334,2.55151489867369,-2.44237342792386
"537",5.41447622079888,1.21588226449874,2.78655197535429,2.55739793696046
"538",10.2701930671543,-0.43041406581377,2.28442020150625,-0.601146288039254
"539",4.17184721972672,-0.140259356328231,2.62454479960336,-3.21306002400964
"540",3.37062699281117,1.22560406373506,2.44160792974398,2.16730502261114
"541",2.97263725485552,-1.28480395057078,2.38379429583288,-7.9023932886741
"542",2.19037046810431,2.10193456983626,3.16240698402727,3.64659099285764
"543",1.49750882497283,0.278306482853435,2.60447751886027,-2.77366461398056
"544",-0.944246964721447,0.426927991157784,2.26730544869369,-2.78953059447583
"545",3.50488963486388,1.84288371628819,2.61319536956556,4.48029464510183
"546",6.74049054241596,0.651463453250015,2.48011129002281,1.55797754134261
"547",4.34937435376387,1.8481024818666,2.46437270977956,5.09437888283708
"548",-1.49430106604392,1.22899694286774,2.9034333759473,-1.08168382799487
"549",-2.56915604287317,0.0203809409098542,3.14802103471817,-6.92219593614182
"550",4.30615469979921,0.233984552605353,2.48553668497712,-1.5020546189285
"551",7.1511654770087,-0.0927211403188698,2.20499729006009,-0.713213052884598
"552",-0.713851070655317,-0.249809971573938,2.18634509937964,-5.19256576539228
"553",3.78949481868621,-0.12386530979456,2.7587392508383,-3.65995496703208
"554",7.69500957604576,-0.502455150073515,2.46187483286085,-2.73425762157977
"555",6.96670174080726,-0.363845921678108,2.5999996517817,-2.77109123738915
"556",6.05947848668345,-0.394769110413473,2.23282075480007,-2.55157800258155
"557",6.94545172407084,0.566695382116836,2.3173384930059,1.65107173760902
"558",6.11731168936785,0.0481089948520858,2.21222630699503,-0.578079048033208
"559",4.30106134557063,1.72496743197721,2.42007482593043,4.71904463318634
"560",2.85997806317042,-1.07120420202269,2.34265551337992,-7.08315478488506
"561",7.03710667578029,-0.0297658957665204,2.51918761891103,-1.00993193877955
"562",9.89552967145815,0.91055657120567,2.15023353060253,4.87928817786462
"563",8.40235290593038,-1.36391372843745,2.07549799663894,-4.83587141085446
"564",8.74028918007411,0.029856086868911,2.92885960895284,-0.862892085074282
"565",7.97026592084001,1.47282607078002,2.47488495024379,5.41391857247652
"566",5.37371500249963,-0.0338250271130058,2.29606069419864,-1.51944980589702
"567",4.09715864280239,0.0719671878119027,2.70975970439068,-2.56880597881217
"568",5.72035136293838,1.03035718383409,2.27020649035719,2.9313530396252
"569",2.89414466705536,-0.091507766659736,2.5127283646177,-3.4822941206545
"570",3.46555197685705,1.52390117313204,2.90907916386672,2.47926888269569
"571",4.70982273175435,1.1979515214288,2.58799774478554,2.4562094451052
"572",4.51217705689765,1.39967808976651,2.22968864952562,3.8770282833409
"573",2.12665008765989,1.15526665526071,2.47612006906,1.22900321376212
"574",6.46296200944196,0.247384273408915,2.57701592400301,-0.450388397339991
"575",5.13594861284954,1.18287343053265,2.47392781279557,2.87008710685682
"576",3.73907328137668,-0.0109057808852704,2.72030353671056,-3.15513630635303
"577",7.67461621217613,-0.153215398460948,2.23912647463192,-0.780504875362932
"578",-0.689366307822633,0.554153591462389,2.44308100047197,-2.46952030317057
"579",5.20989221056627,1.62995758998749,2.44888377764737,4.79753660070489
"580",6.17086815584978,1.79845017266713,3.00088597741367,4.77477568658396
"581",10.6048464620448,0.0873476822683488,2.32919123058418,1.48518701562621
"582",8.20755203823553,0.632996155059787,2.46960507885265,2.0452524264897
"583",2.1789677481644,0.0630621504836605,2.65135348138735,-3.44930857113802
"584",-0.0871057267442978,1.58909371680276,2.15405318607941,2.54033058132778
"585",0.796115363273563,-0.0877645315159785,2.66665201961457,-4.82480777245373
"586",8.22614124494935,1.18415001973616,2.13368967382388,5.08605398048663
"587",4.52982258026809,0.0127645491224637,2.7156050914683,-2.6790283002506
"588",3.65692132605147,0.0100963746523911,2.49783457486746,-2.55788879210443
"589",-0.0282833261807056,0.0369408488510413,2.1803938152019,-3.74026023866374
"590",2.78443137520363,-1.19744300789341,2.71205126121958,-8.36090201690996
"591",3.15925794158693,1.92480616077049,2.39907428185696,5.01028113017504
"592",1.76615346079196,1.105574721379,2.38255911308256,1.03196118076323
"593",-0.410405810108442,0.785491787645463,2.41194121933038,-1.38908020859653
"594",1.11144431407916,0.829364325904799,2.34343623819159,-0.345346634974497
"595",5.34407754609642,-0.406735135150325,3.01553625344392,-4.49013951597333
"596",7.19069858367443,1.73664490271595,2.2226008361443,6.47061132112836
"597",1.43771700715889,0.059090806619164,2.6047612221888,-3.74562635519721
"598",-1.17550650589366,0.30231169909817,2.47263347842932,-3.87351577367699
"599",1.24751214689856,1.10523232625532,2.53463317061433,0.366049084152984
"600",2.34007615585216,1.74117094651409,2.81735665680856,3.06475963925483
"601",1.16079239300936,0.815177570713179,2.51911672930041,-0.761498050203682
"602",6.30948735914217,0.950847434125812,2.6913172618326,2.14797988392906
"603",2.82027651846214,-1.33541251492877,2.29859855895113,-8.04153162647988
"604",2.46532704307952,1.25371692959946,2.83082617664614,1.06725287492936
"605",3.03896286805904,0.0216363685031146,2.69639459398837,-3.23021335087958
"606",2.83049087951776,0.183317504174768,2.5746042101078,-2.575056303036
"607",7.40110246882244,0.791590993973545,2.94794283539485,1.46415367217283
"608",3.74954404107642,0.961789945349553,2.30782532046053,1.60891112637223
"609",-0.551457464315964,0.64385004492136,2.12739292686457,-1.45358759356686
"610",0.979488625182996,1.42884002400897,2.51567789639794,1.64299212566662
"611",1.54099934070101,0.175319306882116,2.16085648326309,-2.35522144831627
"612",2.9150125213469,0.00739965680331589,2.47018732547413,-2.92352621258626
"613",7.9832478753306,-0.300955707313558,2.67478425715604,-2.12730707444671
"614",3.20482064032088,1.0224992208747,2.37488185569758,1.46168250629312
"615",5.46891719221841,0.355969704883349,2.55530127313806,-0.448356138156291
"616",6.85376224757077,-0.764116794840934,2.71462154060989,-4.5956052166232
"617",5.23116330209873,-0.443630011507763,2.53141758408386,-3.73448498366527
"618",-0.921416631641952,0.456839897000091,2.45042416628682,-3.05213570131802
"619",2.91398441799205,-0.476798389025101,2.38714731887418,-4.7132446742704
"620",5.74898116340654,1.31290059870561,2.10848141965136,4.39007472920285
"621",1.11616792746113,-0.204126389485634,2.34193114095687,-4.40389250303166
"622",1.15814265226349,0.0537846210936286,2.57706238837209,-3.86705766855961
"623",-2.35665388281165,1.11512409346636,2.42692973027838,-1.01546740090513
"624",5.38145417523215,1.51420104396719,2.16470398928813,4.93686950666596
"625",5.30101436264649,1.1258915757785,2.2195163450623,3.18192991906123
"626",1.8401376795005,0.849926849166467,2.59368894252175,-0.399412360395116
"627",4.25346349046736,1.38939486471337,2.63696651112179,2.95191516286915
"628",5.10857101682199,0.908357743943209,2.35744168103651,1.9383356526737
"629",-2.75729187536809,0.359829783193614,2.45973713453448,-4.3397937113368
"630",5.64406148166237,0.872018180268735,2.86697284766194,1.09331541225596
"631",0.621319663039578,-0.15411867316045,2.73093204633147,-5.27753938598832
"632",3.88653763405651,1.30739710453602,2.46770328577056,2.71203468821952
"633",-2.55732788612591,0.550497034118387,2.45430911094933,-3.50828618044726
"634",0.831743390736865,-0.159897173413316,2.43079255079306,-4.5737578030617
"635",9.374558058241,-0.0425498088545599,2.62345326804214,-0.216584891517931
"636",4.43753968288238,0.615383697409097,2.64004354160355,-0.061616293913889
"637",6.31536634106771,0.851185991587728,1.8929427599753,3.25968406740819
"638",3.36429513811365,1.40243150841271,2.44360463514434,2.93052276059581
"639",2.01484544701864,9.37121205091263e-05,2.62051730497,-3.6940566298873
"640",3.96333435420733,0.280251691896953,2.65221282777019,-1.71812503924804
"641",5.82805549959872,0.661626430330664,2.31874977255133,1.36207765045506
"642",7.33548507361748,-1.06655838048008,2.21256097871799,-4.51620911243929
"643",4.11700629385638,0.77987749522988,2.57567084279112,0.595437378681982
"644",5.07816656857083,0.285467762784143,2.6462055597136,-1.18635380947144
"645",10.8332022756608,0.743221865037625,1.82814608585882,5.232189175835
"646",6.04330396298054,-0.681017857752976,2.40677221815925,-3.9812999872842
"647",0.524236659092746,0.599522727806486,2.6678903355412,-2.23147692337136
"648",-0.679276498279193,0.872901225047709,2.45760800441368,-1.23549879768938
"649",4.9650529365006,0.747999856499161,2.21872732908348,1.5433660104391
"650",1.33233499606355,1.51703760990566,3.02991444671803,1.14097049345319
"651",3.55272473459008,1.09491816983677,2.51457843127362,1.64812919565452
"652",4.89814641585996,1.38398290808017,2.84015701361219,2.8811724732659
"653",2.19202391872555,1.85162127649856,2.74394619128585,3.61576662722824
"654",3.50182627008805,-0.189399969261102,2.50971449708936,-3.49875784515931
"655",-1.99993482669211,1.86171396364949,2.44855165244522,2.06524502761037
"656",2.87509024792307,0.994465309525487,2.56569696734591,0.732094338275348
"657",1.52361959289626,0.875949045916928,2.84630150498905,-0.982079056242841
"658",5.20657062861913,-0.91147853924025,2.35618704496876,-5.23631762564272
"659",0.789317666909894,1.18438372363106,2.24624578532854,1.16061238510922
"660",2.29010680955814,1.08461782560224,2.32780488843653,1.27241571455333
"661",8.55541602922428,0.106196437248326,2.48222632176204,0.220744565818683
"662",3.01721066166512,-0.516675609369307,2.77011490131986,-5.68459109694397
"663",2.12275517913985,0.0686140403360408,2.1912871587419,-2.68434864690421
"664",4.38227990185796,0.41562494699019,2.30569576047928,-0.279452591231988
"665",1.75038299154242,-0.463459759583383,2.62688359784135,-5.64288725864411
"666",0.850682567121032,-0.875989794643107,2.5183284428859,-7.5766138248617
"667",-3.08719796335882,1.53904101190271,2.78483973916582,-0.425891706536579
"668",1.39991277083932,2.41045573898453,2.71435540089962,5.44427182551285
"669",1.87475159963754,0.929681090594503,2.51792602401711,0.138686828288423
"670",6.44328826083834,-0.590126203161094,2.31773850826716,-3.30165894001026
"671",7.09834635225521,0.375989132461303,1.89208157448526,1.72725086807902
"672",2.50637964064205,-0.0665936910839668,2.58083900672228,-3.64340977079641
"673",0.237328419740988,0.292920095601793,2.04951685486031,-2.29832170874461
"674",-2.1304763215281,0.0425907374238497,2.65120945469156,-5.71741342020015
"675",0.728678044395375,0.217898363762419,2.70334677404457,-3.72225531859789
"676",0.748334629779563,0.852247459695174,2.31865950497934,-0.412756215957766
"677",8.03749806506972,0.331263683398025,2.84132708475354,0.186342626449101
"678",2.14712993506544,1.64554799628995,2.64387954006895,2.95351232745783
"679",1.10010117443515,1.06004788505303,2.23433939631981,0.858070562796294
"680",4.80772248807506,-0.211948460561784,2.40769708865973,-2.75525752752235
"681",6.35360090715155,1.63480658398759,2.23269370247812,5.7001842228035
"682",3.53672906052758,2.93712007429923,2.64042625242309,8.71828000383977
"683",3.76692563706913,1.45834897761382,3.01007026254937,2.25654003592104
"684",2.87560755453226,0.659887361759352,2.50604995571877,-0.423659249267398
"685",0.981555260397291,0.0989140321567595,2.53224194853198,-3.68691568201818
"686",7.51979961526553,0.815072712040664,2.50965947921296,2.57567499816295
"687",2.3041652855209,1.93329752667981,2.72339482373094,3.9561365001708
"688",4.03642185777254,-0.6345965789077,2.44924443217615,-4.92703995043424
"689",2.49973242011098,0.706180933220361,2.18908736987833,0.237474355194196
"690",7.05719205034605,0.307337054932617,2.35656959909742,0.529815912519155
"691",4.36083565923504,0.827652615181331,2.10424533398761,1.7414245682203
"692",1.65595842185611,1.04442725512875,2.42214783042792,0.655667660172904
"693",-1.97014026837945,0.347197685259629,2.44837226769875,-3.92123157543011
"694",3.91869371787935,1.09775927060502,2.24554417883401,2.38658157574413
"695",10.3828407987589,0.0846965303227344,2.36174417701098,1.30549356505137
"696",6.41266525812825,-0.206224913763588,2.46363621121501,-2.10816490906686
"697",0.87030041736156,0.588024670724321,2.55456460348151,-1.84860365928084
"698",-0.570202276097555,1.1113434761022,2.48768164791808,-0.209105469695588
"699",0.764734061282025,-0.364557452128821,2.56201386213114,-5.79667042689958
"700",8.36964494637818,-0.813208193963616,2.08681229320688,-2.75179774172526
"701",3.29426591284079,-0.280517980402168,2.50603168483323,-3.97906058128372
"702",0.798342983466143,0.72200890517321,2.43255462152403,-0.996878362381515
"703",2.32169454424962,-0.975896444765527,2.43340359826898,-7.03804749303272
"704",-3.38230006381657,1.05901548296793,2.53187779798499,-1.99056958758389
"705",8.23469364510338,0.123204630205336,2.45030739999526,0.194629224202275
"706",-3.28177287118266,0.819908734628312,2.4396727379373,-2.74561878965272
"707",3.32035628840318,-0.168944287078031,1.87575395269324,-2.29044458026953
"708",7.66128192966364,0.134722058217175,2.29652317792505,0.243367756579312
"709",4.22154415482498,-0.693867203549232,2.69736565904136,-5.45564781074366
"710",1.48808455170231,0.142593163754031,2.29698564529267,-2.74668582452685
"711",5.07871035094096,0.216303004016816,2.73233212991317,-1.57482858413844
"712",0.243001393225261,2.16857692196363,2.76199562461599,3.74618245523152
"713",9.96134859475505,0.794347771044622,2.19038315663055,4.29272348475864
"714",2.58124216213791,0.865347588077289,2.13831365364042,0.957490290035623
"715",3.73566651174936,0.877966512250498,2.88686392477617,-0.00352661574494416
"716",3.04998659684888,0.710236893449115,2.38424173692102,0.101758575403885
"717",1.08686405749659,1.02853800171113,2.13545073594788,0.857033342306847
"718",6.02705227213962,0.295170333713374,2.30436080758681,0.0562761133109986
"719",-0.948541466346446,-0.104948009506723,2.83050918753793,-5.97957367421656
"720",10.3171798333665,-0.671551136932569,2.48299525978434,-1.9932919584425
"721",4.30600357189773,1.60811693568406,2.57650961700989,3.95988484705048
"722",-0.494352650576534,-0.487268248254501,2.7526377048106,-7.1962394754838
"723",5.23947902705271,1.60709161171751,2.4770103425764,4.51384572185725
"724",5.86471706334374,0.616996725494409,2.2063534599277,1.45413670396498
"725",9.8301284671343,-0.549392438149382,2.35507608687356,-1.59258839571247
"726",3.73247634764382,0.749728609842607,2.24020193064848,0.89140896398096
"727",0.596435361345532,1.27634587427713,2.55194192490111,0.763615126704319
"728",6.38694377802108,-0.732327985112208,2.61572772503504,-4.45269042686577
"729",2.11515385078715,-0.0896493306736853,2.30227149501548,-3.42465975240778
"730",7.56327054085823,0.901201400936531,2.98554083822579,1.96390903182485
"731",8.29852299326455,0.870322186810318,2.00867334191591,4.11312976978998
"732",8.31490687141253,1.68051628504265,2.88993254836297,5.52924732893363
"733",5.02550798448689,0.825542602662519,2.45666481133967,1.32423739651135
"734",4.0661881120677,0.497530684511929,2.28769707922967,-0.0391203543845849
"735",6.14201211907116,1.17101355504342,2.60298695430055,3.03472559835698
"736",0.380533862603454,0.584563192170674,2.32968378191321,-1.61321999571381
"737",5.45845842442302,0.747659045834128,2.71066838814492,0.802653384306465
"738",6.9381483578864,0.278026246362134,2.58793084399358,0.0574455835561062
"739",4.00783740283855,1.25154877717338,2.5333510075656,2.4925377401604
"740",4.90924556160571,-0.892561059099452,2.50565099441319,-5.57480341676665
"741",7.96390075876888,0.956120156467414,2.53908557818062,3.2888030577898
"742",4.47617207785575,-0.543918751249928,2.30892619442485,-4.04397320392549
"743",5.73578851273564,0.766350865387007,2.72484243889394,0.968958896294229
"744",0.887069243188819,0.777391787830642,2.227472603908,-0.438219432970589
"745",2.42428921528587,1.18663227979916,2.32054531428892,1.79396753338624
"746",2.42247605379853,0.826533083416424,2.45030064827483,0.072960388685668
"747",6.51527712065959,2.07625647537499,2.10046674988588,7.74201320906958
"748",2.80175510939571,0.372285686778761,2.26867696419843,-1.06728321050722
"749",2.45831861648547,1.14069236479638,2.52674979215747,1.25373296143893
"750",7.50758889908615,0.168673568496854,2.32106733839919,0.356888123731868
"751",0.725916990076787,0.0340075334794355,2.29562888737851,-3.60161722384486
"752",2.78028895685274,0.210387906284483,2.90581965162754,-3.04144779461431
"753",7.67079850740898,0.363594926666971,2.70271369906336,0.407814941446568
"754",1.1833554517739,1.07361779528765,2.42552118257591,0.58170421918204
"755",6.12918964346378,0.159567708675412,2.41732413708425,-0.705700522226747
"756",1.56550526607934,0.21982679437105,2.75016301472587,-3.3055777785835
"757",-2.01253788546304,1.26762167848948,2.27347144321469,0.074740810449962
"758",4.9618706553002,-0.626107272700053,2.77852641813704,-4.99384315861927
"759",3.53137674178151,-0.316030446696434,2.57873061604689,-4.16695406484469
"760",11.7807784325645,0.966753544876207,2.48626532729657,5.34914595095435
"761",5.67539851437135,-0.0947237447191105,2.57285507944588,-2.09979821786895
"762",3.66966259669693,0.0131822006786826,2.10703341482748,-1.75429747233391
"763",4.45380579698256,0.511869884519622,2.7495556597115,-0.69507879123494
"764",11.7991363422026,0.271948840671142,2.66104612292209,2.16897805553561
"765",4.97133260772907,0.832246288060177,2.31988869379661,1.66367673958076
"766",-0.158631242799884,0.251398064780563,2.87125897458287,-4.35418579085294
"767",2.56640761689407,-0.466960888419591,2.24063589398847,-4.46785709995038
"768",8.16873836584709,1.40863644012104,2.68086540933266,4.78160701032693
"769",1.31023945523742,0.0748059217233087,2.79947567616016,-4.07181589539449
"770",1.26739036444851,-1.01127681037287,2.63188348705118,-8.15910487738442
"771",8.80923796797744,1.83010437381325,2.62143132703257,6.92731208966265
"772",3.58450456959541,0.269788034810971,2.68514898202176,-2.04171978988666
"773",3.26798002411841,0.525977775215521,2.60296937266863,-0.976214693345133
"774",11.3530263450984,0.69346068412663,2.45686374380258,4.05393125655885
"775",1.0936322404304,0.392926198028002,2.98346099285576,-3.35842754702915
"776",-1.44679826688245,0.432061932214904,3.12031950715753,-4.76781417416612
"777",-0.656493386163234,-0.0834210192890211,2.34238928957193,-4.83973653634855
"778",10.3130953853979,1.31024072050353,2.96066017043823,4.98422459786988
"779",3.45214345391904,-1.59281967502235,2.53495142942234,-9.20294664501256
"780",3.94645406326981,-0.663701398128935,2.60735526645267,-5.3993400187925
"781",7.33895488569343,0.843548110616785,2.59839006506845,2.35775792209906
"782",2.76134447102517,0.351771679717397,2.42672143172002,-1.49869925833925
"783",10.192359922392,-0.0162841833659128,2.60931348393564,0.323572252221427
"784",5.18826211567332,1.35699569868286,2.48613564401163,3.60174959897983
"785",7.49965591456356,0.535814048095143,2.80033094301235,0.883134462000331
"786",7.13508796279393,0.482124423095989,2.39295133564449,1.1807524475948
"787",0.976723880519613,0.311614489155082,2.69884778647016,-3.21842886098071
"788",1.90287423653391,0.737951084623641,2.29681619726952,-0.161092466670962
"789",2.32061171671445,2.26062804174049,2.33968038712329,6.04903724310139
"790",1.87439310834752,0.117589958006202,2.74945597666883,-3.55187823967478
"791",3.06297267634192,1.41155874653014,2.58730567899577,2.56385427712192
"792",0.743470323532047,0.0644194281532703,2.56050614995367,-3.94706888907935
"793",1.35169701599822,0.302912338906431,2.19202766408698,-2.0169033180076
"794",2.80306557061627,1.1617513669739,2.69766155946424,1.10189066474731
"795",-0.577129632492633,-0.3122070711925,2.21067449357828,-5.42856344731187
"796",4.14486395213406,2.36437727606308,2.49067782110868,7.06459269285733
"797",0.860165201434112,1.62924763177941,2.31383048041918,2.86650588830498
"798",5.27661888309729,0.453105227541883,2.86208425285448,-0.734802510155887
"799",3.71501894572991,-0.0201676505492496,2.54522148269365,-2.8375525343325
"800",7.64857641363696,-0.162130533499948,2.46277855179463,-1.20598970526881
"801",6.02463995498929,1.54095084960601,2.61670444875934,4.52821634736669
"802",7.94812539059568,0.553021981343041,2.86160215629659,0.926229964431117
"803",7.80476857028615,1.8361784938026,2.6171243889135,6.60443934031658
"804",1.30790329952873,0.90115714497577,2.14218248336891,0.44622453295579
"805",8.93116415807954,0.76138888243015,3.10718191249364,1.71710243312222
"806",10.9535097842529,1.22797199473902,2.34535306984122,6.14853791952876
"807",7.73431721415054,0.940665468059069,3.03160668559916,2.04204813432627
"808",4.65228279755174,0.835317263135214,2.41849571386288,1.47657965820264
"809",9.29257385722993,0.635441483756983,2.42865249553234,2.75211652160665
"810",5.43629375494033,0.295380577255275,2.41166323393678,-0.437170480260703
"811",1.69168391625329,0.0838966815479918,2.59940466062821,-3.49575633378893
"812",6.2822411894511,0.691595745349932,2.50109520904704,1.48574857859569
"813",4.98883473188858,1.59995818950842,2.88584869524614,3.5810952162261
"814",7.5004539942599,0.408882158164339,2.28869108315865,1.33572060613324
"815",0.859036746051458,0.613795712022896,2.31521108758447,-1.25804917276038
"816",4.59447159869777,0.0666782570953372,2.24701936596653,-1.47408006838859
"817",7.21899960288197,-0.416148962046156,2.41975099631589,-2.35022127899486
"818",6.34672399864796,-0.0701387734087667,2.50894794865787,-1.58948238526289
"819",8.01321725578323,0.594101307323277,2.74318806505165,1.3797864647858
"820",4.24397997589217,0.774522506800099,2.06195003597981,1.62851750540786
"821",14.1103460765427,-0.174094206868638,1.98940830212027,2.91092586097435
"822",6.49122278422959,2.78723350068615,2.93731364572662,9.04587328166337
"823",9.94692907807161,-0.180185779259887,2.74250287330404,-0.721040446332691
"824",4.42737528116045,-1.20255064718271,2.38770695529184,-6.84771205267064
"825",6.82440699966075,0.315034253857777,2.70052797597159,-0.184407713647905
"826",4.98072088314282,1.00181023591801,2.84243586254415,1.17409811676613
"827",1.71072521696799,0.515237433552466,2.56566289743017,-1.65370677924708
"828",4.75369950292635,0.741844716936041,2.30622201560776,1.20850698791266
"829",5.29092036075029,0.777239004094908,2.23090484908016,1.77342378420395
"830",3.84724712646828,0.984443955325653,2.80773358227047,0.753760879011091
"831",-1.54218018415286,-1.06660421947799,2.21965249489132,-9.01914313589
"832",6.73905997618654,0.0399229838243143,2.69284955008604,-1.3253998966141
"833",0.0843901830206004,-0.546397009404208,2.95319047373774,-7.58843180884671
"834",7.82378103290249,0.414482233016676,2.67312320209988,0.743753554229521
"835",5.35161568829872,0.203105506674668,2.38223147168242,-0.771170469836488
"836",2.96054663186868,0.57799801633921,2.41816271757686,-0.52229334377381
"837",1.56566377910073,-0.545142993482791,2.27413281095105,-5.39971034600703
"838",-1.61725746859644,0.579734696360189,2.49732858108155,-3.00892651656851
"839",2.9454153795301,0.318035740980747,2.70457288854054,-2.17015300061917
"840",7.68760550937815,1.83879310146207,2.64353161823159,6.41908931973101
"841",2.30575613132855,0.77749642672713,2.72916870218835,-0.680551178629728
"842",6.25904577522288,0.209180348004325,2.07622432775197,0.380105067522102
"843",4.4220310132938,0.343294842446923,2.26607397182044,-0.434366584510731
"844",7.14057024935334,1.17069670803139,2.87116797479798,3.03325859801079
"845",2.74248240718445,0.594766690309713,2.46336259534664,-0.750503938395041
"846",9.49262923669435,0.362373172593211,2.61871950606012,1.48071133852531
"847",3.9505661459945,1.72392897730549,2.68706921736412,3.99330868921633
"848",1.25917457485328,1.13624070879532,2.13162754195767,1.50983067151472
"849",-0.22141661714523,-0.0210905884517048,2.58707944364287,-4.78823740879361
"850",5.33771708789351,-0.177121008115621,2.19593447995099,-1.90453202264332
"851",2.58430978207556,1.51792265749279,2.31309575495716,3.22972384547354
"852",5.6096893154496,0.515456132002741,2.30451756177094,0.757870101506506
"853",6.5156553774181,-0.09610799435093,2.53344061644077,-1.71379304163213
"854",3.72843779185447,-0.0272518372777365,2.2483449775529,-2.24303833295239
"855",8.55781872187108,-0.505227275128135,2.02990831303873,-1.31263477544528
"856",-1.28494956737739,0.124734937336783,2.39936124481452,-4.51924575178126
"857",3.66841064302969,0.648708750236044,2.69323894992747,-0.402076489916826
"858",8.11993671407108,2.53686169939561,2.7624884102343,9.25000902361979
"859",7.15288754649309,0.909882359750626,2.99793533753765,1.71323273381678
"860",5.79690637678575,0.319815158569008,2.65100603071928,-0.582757310028203
"861",0.32985882079205,-0.892425477981072,2.1711790902825,-7.32096057058883
"862",2.85442809288907,0.000562265512952242,2.78304521359209,-3.63237668596573
"863",4.3894170259249,1.48581320623032,2.34102314410383,3.93020807628311
"864",9.50055645360246,-0.627902676663033,2.3661142301716,-2.03418110209131
"865",7.60088237300697,1.54237465910691,2.27152527658894,5.95501430179796
"866",3.42534515581506,0.470377537912201,2.66396599212426,-1.161601370614
"867",9.01070023151556,0.305499288977762,1.99654296762609,2.207691433828
"868",4.82079808139333,1.36391716798274,2.35155721162899,3.6261099231118
"869",8.06629956787602,1.04532227324483,2.70013384456429,3.29486724058376
"870",-1.07200970559516,1.04856530478763,1.83439159244357,0.550531926578205
"871",6.50643790343041,-1.56119678014042,2.38113788801749,-7.19531576726809
"872",2.3370764890921,0.863076253747297,2.22889758580372,0.67913387009832
"873",6.78653090935888,0.596369325674191,2.27313967498263,1.72195819849053
"874",2.37931722056199,1.19611449769526,2.42286652192327,1.79520265252716
"875",7.78615634445516,0.692940109267841,2.32894049537558,2.48804043031314
"876",1.02805286641918,0.175206473733315,2.30232642920683,-2.88747850937013
"877",4.9988718475151,0.85271243122989,2.71566073665541,0.921094905374118
"878",8.82754425502745,1.55322024593234,2.89169046930696,5.26186199796193
"879",3.48009060946716,-0.244080854991188,2.57919793468816,-3.85622514629861
"880",5.31373624776134,1.41755162392736,2.77780340425273,3.27963020393765
"881",0.854459632802717,1.68641891265688,2.9233069195419,1.78235965263761
"882",2.89325149062336,0.962887419081068,2.30964869915271,1.10459076223557
"883",7.65445283075707,-0.853873929798121,2.83812603296936,-4.76875686087636
"884",3.00272211396434,0.448464364190126,2.42226462753401,-1.06220612547071
"885",6.63466673362315,0.53263058562801,2.39064856656691,1.15971090792014
"886",6.75063826166061,0.810313511640664,2.86988958504716,1.33322688335762
"887",3.78077848187101,1.63884203324632,2.34297181703602,4.23760837210171
"888",-1.08521471867465,-0.116450412979229,2.4096024310469,-5.37569735188684
"889",4.17643865878608,1.72620803936884,2.5301367335106,4.43996802948673
"890",7.57012395951905,0.307104908381288,2.27410263401769,0.921430328889281
"891",4.20653740331238,1.65914603745919,2.18538064697248,4.85681779320981
"892",6.86354023770844,1.58594435957324,2.79944320051744,4.60465912944497
"893",6.6707835457156,0.118221103326435,2.91153763682049,-1.49775443096255
"894",2.70438041841677,1.34824886246816,2.22326564494625,2.72385694620634
"895",0.178953192772246,-0.50850010081043,2.33949805179636,-6.08888369625811
"896",-0.238131150188153,1.0325843450054,2.46362424620848,-0.307896781536581
"897",2.89756875413657,0.158545798523491,2.85482818633488,-3.20580728054567
"898",4.10721016742729,-0.0868991190593504,2.5962198868388,-2.91733559268366
"899",1.07344823511735,-0.688138041923069,2.39971819315203,-6.55988573942689
"900",0.418886974307933,-0.295256414432288,1.85928374045874,-4.23816664868578
"901",0.790211479888039,0.594595057858448,2.5220356957276,-1.73472526746935
"902",2.31016263344372,1.64697895005212,2.24816123542242,3.79236733761049
"903",4.30577791818797,0.981688112978552,2.08096519626288,2.38428237643018
"904",5.89741887690609,0.0630328825430355,2.81392932235082,-1.95617076721456
"905",1.46102106534579,1.51487103297122,2.33122556508525,2.61434966210196
"906",2.46693767561785,0.309198372157865,2.40713533159876,-1.75712701449468
"907",3.97849549925212,1.04467792215145,2.84116895705639,1.00754679703583
"908",3.76701303259247,0.834417914280945,2.52235501588203,0.69707424926924
"909",-0.947389516822582,0.607643990402047,2.68023180870115,-2.94061151816816
"910",3.10007033739829,-0.678310928359832,2.57813516390899,-5.78225022482405
"911",8.90338121261294,1.6370081721866,2.50030459354177,6.54830278373806
"912",8.32950147117822,0.992396610591467,2.52264009172949,3.49740790251611
"913",-0.110107493313273,0.306573583878643,2.09225971150671,-2.60323441628458
"914",4.96888425988237,1.93166377323927,2.44101101987609,5.82010718908614
"915",12.2931112267288,0.527316997441692,2.94542570689608,2.90691423803392
"916",6.38724318361131,0.183003444758252,2.55013467864801,-0.699915652469322
"917",2.52666103700012,1.51543765167598,3.22645239276962,1.3277089194276
"918",7.44865128165504,0.282288206300253,2.79153221381176,-0.233887159324341
"919",8.73351587849252,0.288491113867103,1.89131736139627,2.23477880927698
"920",8.37728589925893,-0.623060938904323,2.52925114716172,-2.8630255324412
"921",8.36807751323888,0.112172197934887,2.74928712216109,-0.428655074866834
"922",4.89439399934399,-0.823076973029205,2.87874998105489,-6.03046327523198
"923",6.36349103759831,1.76797826995775,2.69472358691762,5.42212603726572
"924",3.02518103857115,-0.0801639418493828,2.46684310553333,-3.25734900689789
"925",3.54109285639407,1.20473016426286,2.5672496974953,1.90044477417141
"926",2.59052709107231,0.254961937390962,2.53933327866358,-2.39437361447627
"927",9.20647570360033,1.25593276450205,2.18871246105236,5.71859711235414
"928",8.62558339644412,0.6614374532383,2.62764253951437,2.22233881219804
"929",6.22993039813267,0.65018651771693,2.40362991160288,1.4618985139114
"930",3.8825398858778,-0.197475558907405,2.8330972809659,-3.96984648747646
"931",6.59228436762148,-0.594583020771068,2.57078774579037,-3.66746572221222
"932",5.99655609000117,0.435203417731042,3.09013826157301,-0.940553928933773
"933",6.07776764725118,0.862924249524057,2.57592088881503,1.87991127686732
"934",3.21960366988695,-0.412630557140675,2.20110522098486,-3.94610420601523
"935",8.88986289030473,1.16783888094433,2.57831940614305,4.4575833742477
"936",5.31271599639927,0.170233896539048,2.50259340057247,-1.14763127410126
"937",3.70266982482608,1.86111164349484,2.25294065297152,5.28880008174406
"938",0.914840467658439,1.67828915074766,2.25853962079327,3.18769647368043
"939",4.54100101176416,0.554590832758802,2.73777260209155,-0.576581123474398
"940",5.29905811027239,0.988499765574915,2.25645177789679,2.58535230361548
"941",4.48173375222558,1.15055622962323,2.67527126694813,2.00879046984655
"942",1.67924413026511,-0.347305535452657,2.63610066127776,-5.41525487155497
"943",1.08417234021569,0.822612503571858,2.76445564971628,-1.15790056467406
"944",2.4393879168607,1.62684923814859,2.53794253755272,3.20882136606798
"945",5.12553690557474,0.698237563573468,2.81979535654343,0.284573588257493
"946",6.07078912090477,1.90136911496192,2.18487436231835,6.79688866762416
"947",2.99118982764316,1.09662357129165,2.43521667405823,1.48858975465283
"948",7.9447056915275,0.339415918024954,2.5027164762021,0.779265614318601
"949",4.84064709088677,1.39898918589328,2.4438084460671,3.59160019345446
"950",5.85668400041236,-0.227734446809191,2.43065363272411,-2.33412866286789
"951",3.60146537911775,-0.339198983787301,2.6242958663085,-4.28187127792248
"952",4.69830390906278,0.984015536203353,2.62887603160022,1.54721626562406
"953",-1.33038241923807,-0.0185329361918317,2.3848437234812,-5.03783107176324
"954",2.00550682474997,-0.156268248609698,2.63552100000456,-4.4402864742895
"955",2.4694304009926,-0.387531378299934,2.52786380297516,-4.8600006978245
"956",1.60617665327866,0.236388788382487,2.62605666754955,-3.0105796137177
"957",2.54125212842473,0.206716884665033,2.12330394946069,-1.70594493998446
"958",2.02865957291412,-0.0594880387450971,2.49886386604117,-3.71668176783913
"959",2.7417294622998,0.345008565473948,2.70134281228283,-2.06169031478323
"960",6.84289823002219,1.36132642701409,2.54206444932725,4.29248847905997
"961",4.48528848133331,0.599330408534574,2.81111507747735,-0.519425413835293
"962",0.638952314055528,0.544538384092826,2.49492926152626,-2.0127170544015
"963",5.1577519428195,0.51924496789005,2.52642332756461,0.0818802997551864
"964",1.21343986227886,-0.441340766791591,2.38793165954634,-5.4379865849816
"965",2.41550252364193,0.564103249206279,2.84965174250738,-1.775694803032
"966",1.10296185928523,0.661144805602314,2.41354000179976,-1.05320403410992
"967",3.25556382048055,0.0696816365918466,2.90427403395237,-3.50441509717803
"968",6.96953457361361,1.22763919440577,2.51556933255322,3.8648172069024
"969",-0.107883833115863,-0.671209185597885,2.33408863997408,-6.81319536722694
"970",4.77955105286221,-0.279192442355186,2.84928466425008,-3.94937782396151
"971",-0.952864139764171,1.63834610133999,2.62812864967455,1.3307278661863
"972",0.605572312020918,0.479143734573869,2.67216627772036,-2.66501915772039
"973",3.04825961294865,0.986741548725298,2.61023214669126,0.806307155859699
"974",6.84986563819105,0.200396292816131,3.03193182913025,-1.32234236236284
"975",8.1120723591369,1.14745300008367,2.57677192203147,4.0414161425183
"976",-1.82387664065282,-0.111419872446726,2.65445664499921,-6.18056560273834
"977",0.523365180201006,1.59946143867446,2.33763907342322,2.48338667654211
"978",1.52017588591489,0.443248925648318,2.74568622408911,-2.49471813062614
"979",-2.68391146196976,0.849036650017945,2.77703386141106,-2.9184068029027
"980",5.67396951638314,2.86619439442714,2.28015704343015,10.2974052419286
"981",0.0212585368262435,-0.569080947485618,2.89565031576658,-7.6211742765704
"982",2.93657488250667,-0.20375196732034,2.00900512514001,-2.76208926121602
"983",11.0538471940615,0.777016438686508,2.49482306662909,4.134936147934
"984",4.36953600896055,1.00753629700962,2.65282364605689,1.36555846801787
"985",2.66597779790603,0.244686848709758,2.52217166415543,-2.24259032651713
"986",0.982066696859167,0.841822962929803,2.29746386850111,-0.235136793631627
"987",1.84751337291952,0.87705440199828,2.19105858782247,0.549572536370968
"988",0.547852275358729,1.04192400420818,2.33240218396419,0.345859189454527
"989",5.00494295357689,0.241241473580473,2.874971701635,-1.7414620427813
"990",3.7605782536284,1.35434086872705,1.81041851586361,4.08737250192032
"991",0.893608933502518,1.06047874992994,2.90501344549291,-0.636925167244229
"992",4.59969769009694,-0.71690328650365,2.0526109589359,-4.217803715609
"993",3.14216759744693,0.41684430639475,2.24753140187099,-0.733670984925278
"994",3.12243695361095,1.56002352918672,2.23097213907591,3.93393351700195
"995",4.57333499845895,0.919035181993973,2.26138583797095,1.92341509558494
"996",4.41800633623438,-0.0841002343052702,3.01264541951875,-3.66220959951285
"997",5.63277570720902,0.58938138493174,1.90509802617546,1.779427828437
"998",0.58700478258451,0.489378078209586,2.46524160512172,-2.15440944400369
"999",0.832370911562994,0.350567659047844,2.40865225495166,-2.48967138712851
"1000",3.40173478854226,1.31275499269431,2.66328449953504,2.14784544362819
